Symbol,Series,Date,Prev Close,Open Price,High Price,Low Price,Last Price,Close Price,Average Price,Total Traded Quantity,Turnover in Lacs,No. of Trades,Deliverable Qty,% Dly Qt to Traded Qty
JETAIRWAYS,EQ,2014-12-04,366.05,369.00,386.90,366.00,378.35,379.65,378.01,3551117,13423.57,55677,588315,16.57
JETAIRWAYS,EQ,2014-12-05,379.65,380.00,386.70,364.15,366.05,366.80,376.33,2146431,8077.70,35294,522802,24.36
JETAIRWAYS,EQ,2014-12-08,366.80,374.10,403.45,373.25,403.45,403.45,395.84,6589120,26082.51,99884,1512589,22.96
JETAIRWAYS,EQ,2014-12-09,403.45,407.00,438.75,407.00,426.35,428.50,428.10,8939456,38269.93,143952,932999,10.44
JETAIRWAYS,EQ,2014-12-10,428.50,427.40,444.00,423.75,438.50,437.80,433.42,5083091,22031.19,89880,656635,12.92
JETAIRWAYS,EQ,2014-12-11,437.80,440.25,458.00,439.55,441.00,441.35,448.57,4101186,18396.86,71411,687245,16.76
JETAIRWAYS,EQ,2014-12-12,441.35,446.50,451.40,398.20,400.40,401.50,422.61,3168590,13390.77,52676,541887,17.10
JETAIRWAYS,EQ,2014-12-15,401.50,401.00,404.90,368.50,374.40,373.25,385.52,3095335,11933.03,69322,546321,17.65
JETAIRWAYS,EQ,2014-12-16,373.25,373.80,408.90,368.05,399.40,401.05,393.08,6482173,25479.89,108018,707845,10.92
JETAIRWAYS,EQ,2014-12-17,401.05,405.00,416.40,377.00,385.20,387.00,397.29,4223855,16781.16,77552,504172,11.94
JETAIRWAYS,EQ,2014-12-18,387.00,393.40,411.90,390.60,405.45,404.40,403.82,3234994,13063.46,53038,453086,14.01
JETAIRWAYS,EQ,2014-12-19,404.40,410.00,419.80,396.20,400.00,398.60,409.50,2221438,9096.90,41236,398825,17.95
JETAIRWAYS,EQ,2014-12-22,398.60,398.15,399.95,382.30,390.00,388.25,389.48,1216561,4738.25,25995,229985,18.90
JETAIRWAYS,EQ,2014-12-23,388.25,396.40,408.90,392.40,394.70,395.95,399.84,1954004,7812.87,35094,322336,16.50
JETAIRWAYS,EQ,2014-12-24,395.95,394.00,395.65,380.65,384.00,383.50,385.34,829545,3196.53,16656,182408,21.99
JETAIRWAYS,EQ,2014-12-26,383.50,387.50,393.00,378.10,380.45,382.05,383.88,1045293,4012.63,20900,201395,19.27
JETAIRWAYS,EQ,2014-12-29,382.05,384.20,392.50,380.00,380.10,380.85,384.70,1072795,4127.09,19052,222025,20.70
JETAIRWAYS,EQ,2014-12-30,380.85,383.05,388.00,372.60,379.15,379.15,381.56,1895999,7234.39,33190,291813,15.39
JETAIRWAYS,EQ,2014-12-31,379.15,375.55,390.50,375.55,385.00,384.50,385.10,1438444,5539.42,24968,435691,30.29
JETAIRWAYS,EQ,2015-01-01,384.50,385.75,422.95,382.15,422.95,420.00,408.06,6946872,28347.31,103744,1034996,14.90
JETAIRWAYS,EQ,2015-01-02,420.00,429.00,446.70,426.20,438.75,440.15,438.80,5899296,25885.88,86319,1009648,17.11
JETAIRWAYS,EQ,2015-01-05,440.15,437.00,440.45,423.15,427.50,428.15,430.63,1550726,6677.82,28360,321780,20.75
JETAIRWAYS,EQ,2015-01-06,428.15,432.40,449.50,418.20,420.60,421.60,436.52,4597481,20069.04,71869,626574,13.63
JETAIRWAYS,EQ,2015-01-07,421.60,425.90,443.80,420.10,439.75,437.80,434.36,3692891,16040.58,58174,455462,12.33
JETAIRWAYS,EQ,2015-01-08,437.80,443.35,459.40,436.25,442.50,442.70,449.29,3640153,16354.94,61713,496519,13.64
JETAIRWAYS,EQ,2015-01-09,442.70,446.00,447.00,430.70,432.55,433.80,439.03,2097718,9209.62,37801,455170,21.70
JETAIRWAYS,EQ,2015-01-12,433.80,433.90,448.00,428.00,442.60,441.95,440.21,2247972,9895.89,42175,317677,14.13
JETAIRWAYS,EQ,2015-01-13,441.95,455.45,471.40,455.40,464.95,463.75,463.61,4564305,21160.53,68955,606051,13.28
JETAIRWAYS,EQ,2015-01-14,463.75,451.00,468.95,437.95,466.00,464.85,456.80,5988544,27355.80,95825,400428,6.69
JETAIRWAYS,EQ,2015-01-15,464.85,474.50,474.70,443.15,445.55,446.90,454.29,2347352,10663.88,47223,773048,32.93
JETAIRWAYS,EQ,2015-01-16,446.90,446.75,451.40,425.65,430.05,429.45,438.86,2065153,9063.06,40975,550607,26.66
JETAIRWAYS,EQ,2015-01-19,429.45,434.20,439.70,426.20,434.15,432.40,432.73,1570421,6795.64,30073,388804,24.76
JETAIRWAYS,EQ,2015-01-20,432.40,437.85,443.40,431.00,433.45,434.45,436.40,1321368,5766.45,23670,305731,23.14
JETAIRWAYS,EQ,2015-01-21,434.45,438.70,444.75,432.60,441.00,440.40,439.50,1589257,6984.76,27454,333502,20.98
JETAIRWAYS,EQ,2015-01-22,440.40,440.00,441.80,431.10,437.70,438.15,435.89,943245,4111.50,19179,178427,18.92
JETAIRWAYS,EQ,2015-01-23,438.15,442.00,442.40,428.10,436.90,435.10,434.77,757113,3291.71,14011,195616,25.84
JETAIRWAYS,EQ,2015-01-27,435.10,438.50,503.90,430.60,499.50,497.40,474.18,6311302,29926.67,96642,1251573,19.83
JETAIRWAYS,EQ,2015-01-28,497.40,500.00,523.90,481.10,485.90,485.90,506.37,4810143,24357.35,86798,770899,16.03
JETAIRWAYS,EQ,2015-01-29,485.90,486.40,531.15,477.50,523.05,523.50,509.85,5736394,29247.14,107344,665925,11.61
JETAIRWAYS,EQ,2015-01-30,523.50,525.40,529.30,505.50,513.10,514.40,516.81,2722442,14069.95,50830,269688,9.91
JETAIRWAYS,EQ,2015-02-02,514.40,528.50,543.50,522.10,524.20,527.65,532.12,2827643,15046.43,49116,494078,17.47
JETAIRWAYS,EQ,2015-02-03,527.65,514.00,522.00,492.15,494.95,495.35,506.32,1886952,9553.92,38256,489649,25.95
JETAIRWAYS,EQ,2015-02-04,495.35,496.30,505.00,451.80,466.25,468.15,478.60,3680105,17612.80,75134,666178,18.10
JETAIRWAYS,EQ,2015-02-05,468.15,473.20,491.55,461.40,473.00,467.40,479.40,2883414,13823.14,52829,563866,19.56
JETAIRWAYS,EQ,2015-02-06,467.40,475.50,482.30,445.00,475.90,473.70,470.58,3067872,14436.79,60799,525686,17.14
JETAIRWAYS,EQ,2015-02-09,473.70,466.95,473.50,440.55,442.55,444.90,457.92,2633267,12058.14,51352,637478,24.21
JETAIRWAYS,EQ,2015-02-10,444.90,443.00,457.70,414.75,422.10,423.25,435.99,2812614,12262.71,54731,471549,16.77
JETAIRWAYS,EQ,2015-02-11,423.25,428.50,444.00,424.20,441.80,440.10,435.51,2248355,9791.87,63729,512386,22.79
JETAIRWAYS,EQ,2015-02-12,440.10,443.00,448.90,428.20,431.90,433.15,437.84,1328024,5814.63,26978,331607,24.97
JETAIRWAYS,EQ,2015-02-13,433.15,434.90,437.45,421.45,424.25,425.80,427.50,1273182,5442.83,28786,322958,25.37
JETAIRWAYS,EQ,2015-02-16,425.80,427.90,429.00,410.30,411.50,413.05,418.49,1074045,4494.75,22719,241580,22.49
JETAIRWAYS,EQ,2015-02-18,413.05,414.45,425.90,411.10,412.50,413.20,418.01,1417961,5927.20,27779,274582,19.36
JETAIRWAYS,EQ,2015-02-19,413.20,416.75,444.00,415.25,439.30,440.25,434.08,3597747,15617.08,64219,641503,17.83
JETAIRWAYS,EQ,2015-02-20,440.25,442.00,467.70,432.50,460.00,461.15,452.96,4023100,18223.17,65738,514402,12.79
JETAIRWAYS,EQ,2015-02-23,461.15,461.00,470.40,453.25,457.20,457.65,461.78,1667394,7699.74,28798,285948,17.15
JETAIRWAYS,EQ,2015-02-24,457.65,459.40,477.65,456.20,464.90,464.05,466.04,1795018,8365.56,35392,238770,13.30
JETAIRWAYS,EQ,2015-02-25,464.05,466.30,468.30,450.60,454.90,455.30,459.74,928152,4267.12,17589,143060,15.41
JETAIRWAYS,EQ,2015-02-26,455.30,457.80,458.75,433.35,436.40,438.55,446.08,1043671,4655.62,20871,210569,20.18
JETAIRWAYS,EQ,2015-02-27,438.55,440.00,447.30,434.25,441.00,441.15,441.07,845554,3729.48,16708,101769,12.04
JETAIRWAYS,EQ,2015-02-28,441.15,444.00,447.40,426.25,447.00,443.20,438.47,917351,4022.29,18535,181679,19.80
JETAIRWAYS,EQ,2015-03-02,443.20,427.00,433.40,418.00,429.60,428.90,426.42,1250929,5334.27,25435,223624,17.88
JETAIRWAYS,EQ,2015-03-03,428.90,429.70,445.70,429.70,437.30,437.45,437.56,1258837,5508.11,24662,267322,21.24
JETAIRWAYS,EQ,2015-03-04,437.45,439.95,441.60,350.00,412.00,416.60,426.62,892645,3808.19,15545,284730,31.90
JETAIRWAYS,EQ,2015-03-05,416.60,418.50,431.00,415.40,420.00,420.15,423.09,1192117,5043.74,22915,180212,15.12
JETAIRWAYS,EQ,2015-03-09,420.15,418.75,426.00,412.75,415.50,415.65,419.26,702250,2944.27,12884,131304,18.70
JETAIRWAYS,EQ,2015-03-10,415.65,415.10,423.80,404.10,413.75,411.55,414.44,866383,3590.66,17805,170154,19.64
JETAIRWAYS,EQ,2015-03-11,411.55,415.00,442.80,414.00,431.90,430.60,432.97,2608928,11295.83,46302,459326,17.61
JETAIRWAYS,EQ,2015-03-12,430.60,434.95,441.00,429.40,434.10,435.60,434.85,923325,4015.06,16904,139195,15.08
JETAIRWAYS,EQ,2015-03-13,435.60,438.00,457.00,427.10,450.30,452.30,442.96,2637095,11681.33,47577,457195,17.34
JETAIRWAYS,EQ,2015-03-16,452.30,458.40,476.70,451.25,473.45,472.05,468.96,2790508,13086.37,55535,523341,18.75
JETAIRWAYS,EQ,2015-03-17,472.05,477.10,483.90,466.00,480.00,478.95,475.86,1624357,7729.66,44719,291906,17.97
JETAIRWAYS,EQ,2015-03-18,478.95,482.00,501.50,477.00,496.90,497.70,491.88,2477304,12185.30,47661,323030,13.04
JETAIRWAYS,EQ,2015-03-19,497.70,504.50,507.90,472.20,473.60,475.10,490.31,1660545,8141.75,33518,346224,20.85
JETAIRWAYS,EQ,2015-03-20,475.10,473.95,474.50,448.00,461.00,453.85,457.72,1181388,5407.43,24398,268776,22.75
JETAIRWAYS,EQ,2015-03-23,453.85,456.00,469.00,451.30,461.10,459.75,461.39,941870,4345.69,19563,129760,13.78
JETAIRWAYS,EQ,2015-03-24,459.75,461.90,463.80,451.55,453.45,454.15,455.93,433852,1978.06,9411,86245,19.88
JETAIRWAYS,EQ,2015-03-25,454.15,454.00,472.90,414.15,458.50,458.55,458.73,1388011,6367.19,29706,163046,11.75
JETAIRWAYS,EQ,2015-03-26,458.55,450.30,462.00,445.35,448.70,450.30,453.26,946921,4292.06,19294,216652,22.88
JETAIRWAYS,EQ,2015-03-27,450.30,452.00,461.65,438.30,451.00,452.55,451.62,783915,3540.32,18816,119173,15.20
JETAIRWAYS,EQ,2015-03-30,452.55,455.75,482.40,455.70,481.00,478.30,471.38,1174663,5537.18,24471,203287,17.31
JETAIRWAYS,EQ,2015-03-31,478.30,482.00,494.50,477.00,488.00,488.65,487.78,1352467,6597.02,27479,181035,13.39
JETAIRWAYS,EQ,2015-04-01,488.65,493.00,498.30,485.20,488.55,489.70,492.52,927046,4565.88,18169,140173,15.12
JETAIRWAYS,EQ,2015-04-06,489.70,492.90,494.10,473.30,475.30,476.95,480.64,754140,3624.71,15517,189466,25.12
JETAIRWAYS,EQ,2015-04-07,476.95,477.00,496.00,468.20,492.00,491.90,483.59,1367023,6610.73,26703,259666,18.99
JETAIRWAYS,EQ,2015-04-08,491.90,492.90,497.00,471.00,472.60,473.45,482.41,1931398,9317.18,28981,513226,26.57
JETAIRWAYS,EQ,2015-04-09,473.45,480.95,491.00,480.00,488.00,488.70,486.44,1271409,6184.70,22018,330629,26.00
JETAIRWAYS,EQ,2015-04-10,488.70,488.00,488.90,475.10,483.00,483.00,481.87,577367,2782.16,11230,108630,18.81
JETAIRWAYS,EQ,2015-04-13,483.00,488.00,495.00,484.05,485.00,486.55,489.57,924729,4527.21,18349,159789,17.28
JETAIRWAYS,EQ,2015-04-15,486.55,485.80,485.80,467.70,469.95,471.10,475.48,569027,2705.59,12220,170092,29.89
JETAIRWAYS,EQ,2015-04-16,471.10,470.00,474.45,452.05,452.65,456.75,463.05,710614,3290.52,15509,215609,30.34
JETAIRWAYS,EQ,2015-04-17,456.75,455.85,461.20,445.30,446.70,449.60,452.87,617210,2795.15,12811,172932,28.02
JETAIRWAYS,EQ,2015-04-20,449.60,450.40,450.40,417.10,428.10,429.40,430.37,882121,3796.43,23827,331836,37.62
JETAIRWAYS,EQ,2015-04-21,429.40,427.10,429.00,413.10,415.80,415.80,419.43,551365,2312.61,12448,169012,30.65
JETAIRWAYS,EQ,2015-04-22,415.80,416.25,423.70,407.70,408.90,409.70,415.86,858211,3568.99,21140,283468,33.03
JETAIRWAYS,EQ,2015-04-23,409.70,414.70,427.40,408.90,409.80,411.00,417.29,898161,3747.92,22039,240253,26.75
JETAIRWAYS,EQ,2015-04-24,411.00,407.00,408.00,372.45,378.05,377.50,389.91,1043707,4069.54,23596,303347,29.06
JETAIRWAYS,EQ,2015-04-27,377.50,379.20,389.90,351.10,383.00,377.55,373.25,1358860,5071.93,27798,255317,18.79
JETAIRWAYS,EQ,2015-04-28,377.55,375.05,386.00,372.50,382.50,383.10,380.96,562953,2144.65,10419,83940,14.91
JETAIRWAYS,EQ,2015-04-29,383.10,384.40,389.60,374.20,375.80,377.55,381.13,615438,2345.61,13485,92819,15.08
JETAIRWAYS,EQ,2015-04-30,377.55,375.95,384.20,365.60,378.50,379.30,375.67,620975,2332.81,13752,131808,21.23
JETAIRWAYS,EQ,2015-05-04,379.30,378.10,389.30,378.10,386.00,386.40,385.30,541523,2086.48,9235,94534,17.46
JETAIRWAYS,EQ,2015-05-05,386.40,383.00,414.00,381.95,406.50,408.90,401.34,1889946,7585.05,34190,281873,14.91
JETAIRWAYS,EQ,2015-05-06,408.90,405.90,412.35,385.20,393.00,391.20,397.39,1106867,4398.59,26157,262628,23.73
JETAIRWAYS,EQ,2015-05-07,391.20,379.60,389.75,338.50,363.00,357.60,356.91,2786074,9943.74,64658,659063,23.66
JETAIRWAYS,EQ,2015-05-08,357.60,365.00,378.30,365.00,376.50,375.25,372.99,912736,3404.37,24517,204206,22.37
JETAIRWAYS,EQ,2015-05-11,375.25,380.00,383.80,375.25,376.45,378.35,379.23,444198,1684.54,9204,106729,24.03
JETAIRWAYS,EQ,2015-05-12,378.35,377.80,377.80,353.60,354.45,357.05,361.18,626501,2262.81,12855,165680,26.45
JETAIRWAYS,EQ,2015-05-13,357.05,360.00,366.20,351.00,357.55,358.35,359.19,630961,2266.36,14075,108051,17.12
JETAIRWAYS,EQ,2015-05-14,358.35,356.75,368.00,352.40,361.80,360.45,361.22,632269,2283.88,13760,80169,12.68
JETAIRWAYS,EQ,2015-05-15,360.45,362.20,366.90,352.55,354.45,356.20,360.14,413508,1489.23,7899,116469,28.17
JETAIRWAYS,EQ,2015-05-18,356.20,354.90,374.30,354.85,366.90,367.20,365.70,639616,2339.05,13399,151492,23.68
JETAIRWAYS,EQ,2015-05-19,367.20,366.85,384.50,363.00,374.05,375.25,375.19,1058287,3970.62,20105,189757,17.93
JETAIRWAYS,EQ,2015-05-20,375.25,376.00,391.40,376.00,380.00,381.60,385.39,923830,3560.35,17491,138941,15.04
JETAIRWAYS,EQ,2015-05-21,381.60,383.30,386.60,374.60,377.75,378.10,379.62,364333,1383.07,7822,84912,23.31
JETAIRWAYS,EQ,2015-05-22,378.10,378.55,381.50,368.10,369.85,371.55,373.56,475237,1775.28,10407,108139,22.75
JETAIRWAYS,EQ,2015-05-25,371.55,374.70,374.70,362.90,366.10,366.60,366.65,334729,1227.28,7941,52863,15.79
JETAIRWAYS,EQ,2015-05-26,366.60,367.00,372.80,362.60,367.60,368.60,367.96,415299,1528.12,8855,77813,18.74
JETAIRWAYS,EQ,2015-05-27,368.60,367.50,377.70,363.50,372.50,372.25,372.21,603137,2244.95,11282,117522,19.49
JETAIRWAYS,EQ,2015-05-28,372.25,374.90,390.00,372.00,387.00,384.70,379.35,747410,2835.28,18293,217814,29.14
JETAIRWAYS,EQ,2015-05-29,384.70,389.00,404.30,381.50,383.00,384.50,394.88,1374426,5427.36,30745,380387,27.68
JETAIRWAYS,EQ,2015-06-01,384.50,358.00,373.20,357.00,358.95,361.90,365.21,966616,3530.19,19629,203102,21.01
JETAIRWAYS,EQ,2015-06-02,361.90,361.80,366.40,333.10,335.85,335.55,347.58,1123566,3905.34,21282,327711,29.17
JETAIRWAYS,EQ,2015-06-03,335.55,337.00,340.45,312.00,319.90,319.80,321.98,915931,2949.09,18584,160753,17.55
JETAIRWAYS,EQ,2015-06-04,319.80,322.90,324.80,308.00,312.35,314.15,313.70,626629,1965.75,15367,134640,21.49
JETAIRWAYS,EQ,2015-06-05,314.15,313.80,313.80,302.60,303.50,305.25,308.02,639892,1971.00,14802,121744,19.03
JETAIRWAYS,EQ,2015-06-08,305.25,305.00,306.95,288.00,288.30,290.40,294.30,757835,2230.29,18883,185708,24.51
JETAIRWAYS,EQ,2015-06-09,290.40,290.00,290.50,271.65,272.15,275.10,280.42,902303,2530.22,20150,201785,22.36
JETAIRWAYS,EQ,2015-06-10,275.10,274.70,283.50,271.50,276.90,275.95,277.50,887102,2461.67,18751,189408,21.35
JETAIRWAYS,EQ,2015-06-11,275.95,280.00,283.70,268.10,272.55,273.15,275.72,891378,2457.68,18401,144512,16.21
JETAIRWAYS,EQ,2015-06-12,273.15,275.50,278.90,258.65,263.20,264.45,267.00,911413,2433.45,18850,189216,20.76
JETAIRWAYS,EQ,2015-06-15,264.45,265.00,267.15,251.25,252.00,253.10,258.16,861559,2224.16,20607,203479,23.62
JETAIRWAYS,EQ,2015-06-16,253.10,252.95,296.90,248.00,289.50,290.30,274.22,3486909,9561.77,58284,419044,12.02
JETAIRWAYS,EQ,2015-06-17,290.30,291.50,301.00,284.20,286.85,287.70,293.23,2678101,7852.95,45899,241715,9.03
JETAIRWAYS,EQ,2015-06-18,287.70,289.00,294.45,286.10,289.95,289.00,290.48,911693,2648.26,16384,128801,14.13
JETAIRWAYS,EQ,2015-06-19,289.00,291.00,291.70,272.00,275.00,273.30,278.11,1321559,3675.33,28946,442173,33.46
JETAIRWAYS,EQ,2015-06-22,273.30,275.00,285.95,274.25,279.00,278.85,280.65,1164003,3266.78,21310,213214,18.32
JETAIRWAYS,EQ,2015-06-23,278.85,279.00,290.25,270.10,282.95,285.65,280.45,2025230,5679.74,31545,299223,14.77
JETAIRWAYS,EQ,2015-06-24,285.65,290.00,304.80,286.00,287.00,289.65,297.27,4216590,12534.79,59267,548637,13.01
JETAIRWAYS,EQ,2015-06-25,289.65,286.40,286.50,278.10,280.50,281.40,281.75,940574,2650.08,15405,206781,21.98
JETAIRWAYS,EQ,2015-06-26,281.40,284.60,289.00,280.30,282.55,282.80,284.55,989473,2815.54,16465,160597,16.23
JETAIRWAYS,EQ,2015-06-29,282.80,261.30,276.90,261.30,273.10,273.85,270.35,1009744,2729.88,16357,194219,19.23
JETAIRWAYS,EQ,2015-06-30,273.85,275.00,284.60,273.00,282.50,281.75,278.80,853009,2378.21,13780,154539,18.12
JETAIRWAYS,EQ,2015-07-01,281.75,288.00,291.00,275.80,277.70,278.65,284.34,1410753,4011.38,27488,487844,34.58
JETAIRWAYS,EQ,2015-07-02,278.65,280.00,284.60,279.05,280.00,280.50,281.89,756544,2132.62,13060,163622,21.63
JETAIRWAYS,EQ,2015-07-03,280.50,281.90,282.80,275.10,276.45,277.75,278.83,538285,1500.91,10028,115550,21.47
JETAIRWAYS,EQ,2015-07-06,277.75,274.40,318.00,271.00,307.95,308.50,301.05,4659347,14026.82,66763,941994,20.22
JETAIRWAYS,EQ,2015-07-07,308.50,312.20,341.00,311.00,334.70,333.80,330.25,6529560,21563.56,92408,998835,15.30
JETAIRWAYS,EQ,2015-07-08,333.80,329.00,350.80,328.00,332.90,333.80,341.31,3974738,13566.03,59561,436105,10.97
JETAIRWAYS,EQ,2015-07-09,333.80,336.85,345.00,325.55,333.80,330.55,334.38,1376469,4602.58,26275,157677,11.46
JETAIRWAYS,EQ,2015-07-10,330.55,333.45,337.00,326.25,330.55,331.65,330.91,789940,2613.96,15629,149595,18.94
JETAIRWAYS,EQ,2015-07-13,331.65,333.00,344.60,327.10,338.85,339.45,337.33,1387452,4680.28,24393,181397,13.07
JETAIRWAYS,EQ,2015-07-14,339.45,340.80,358.45,335.50,354.55,354.15,349.16,2828379,9875.51,45031,439524,15.54
JETAIRWAYS,EQ,2015-07-15,354.15,355.90,357.70,345.10,348.00,349.50,351.59,1308278,4599.72,21011,199922,15.28
JETAIRWAYS,EQ,2015-07-16,349.50,351.50,355.65,346.00,348.00,348.80,350.34,750448,2629.13,12101,110631,14.74
JETAIRWAYS,EQ,2015-07-17,348.80,351.00,356.50,341.20,341.40,343.35,348.61,1234889,4305.00,20815,215404,17.44
JETAIRWAYS,EQ,2015-07-20,343.35,344.95,352.00,343.90,346.15,345.60,347.47,894144,3106.90,13976,143465,16.04
JETAIRWAYS,EQ,2015-07-21,345.60,347.00,348.20,318.50,320.05,320.95,333.43,1140909,3804.10,19075,349797,30.66
JETAIRWAYS,EQ,2015-07-22,320.95,320.00,333.00,315.20,324.00,324.25,325.56,1068435,3478.44,19861,220333,20.62
JETAIRWAYS,EQ,2015-07-23,324.25,327.80,338.80,324.50,327.80,327.65,331.27,1170135,3876.35,18841,186832,15.97
JETAIRWAYS,EQ,2015-07-24,327.65,330.85,335.00,322.00,323.50,323.70,328.67,842158,2767.94,13919,154543,18.35
JETAIRWAYS,EQ,2015-07-27,323.70,324.00,331.70,316.00,320.30,319.55,324.07,892405,2892.01,15597,138130,15.48
JETAIRWAYS,EQ,2015-07-28,319.55,323.00,338.00,317.40,335.80,329.05,325.78,1304620,4250.14,18669,353457,27.09
JETAIRWAYS,EQ,2015-07-29,329.05,340.00,393.90,340.00,392.45,390.70,372.71,8141060,30342.84,116286,985279,12.10
JETAIRWAYS,EQ,2015-07-30,390.70,394.60,400.90,375.25,382.50,382.25,386.77,3859423,14926.91,58209,598574,15.51
JETAIRWAYS,EQ,2015-07-31,382.25,384.35,408.30,382.50,403.70,400.15,398.50,3329934,13269.69,52913,606023,18.20
JETAIRWAYS,EQ,2015-08-03,400.15,418.95,435.45,405.45,409.60,408.75,422.73,4512318,19074.90,77291,977357,21.66
JETAIRWAYS,EQ,2015-08-04,408.75,412.85,421.40,402.25,415.00,415.50,411.62,2421394,9967.00,39289,289402,11.95
JETAIRWAYS,EQ,2015-08-05,415.50,416.85,416.85,406.25,409.50,410.35,410.99,1178284,4842.62,20640,173673,14.74
JETAIRWAYS,EQ,2015-08-06,410.35,409.85,424.90,406.30,411.05,412.40,416.16,2356246,9805.79,36785,374993,15.91
JETAIRWAYS,EQ,2015-08-07,412.40,414.30,420.95,398.55,402.50,402.30,411.34,1701494,6998.89,30914,397489,23.36
JETAIRWAYS,EQ,2015-08-10,402.30,403.40,413.25,385.20,393.30,391.10,401.04,1402565,5624.79,28309,343931,24.52
JETAIRWAYS,EQ,2015-08-11,391.10,393.95,395.45,371.00,372.95,374.10,381.84,1225020,4677.59,24245,357926,29.22
JETAIRWAYS,EQ,2015-08-12,374.10,375.00,375.35,354.00,357.25,356.30,363.00,1238987,4497.47,31003,350302,28.27
JETAIRWAYS,EQ,2015-08-13,356.30,359.00,377.00,359.00,377.00,371.20,368.75,1532063,5649.49,28721,371712,24.26
JETAIRWAYS,EQ,2015-08-14,371.20,380.40,404.85,376.00,403.25,400.65,392.96,6622970,26025.50,101376,805583,12.16
JETAIRWAYS,EQ,2015-08-17,400.65,404.00,404.80,378.05,378.80,379.75,388.60,2561946,9955.81,49599,647017,25.25
JETAIRWAYS,EQ,2015-08-18,379.75,383.25,393.90,372.40,376.75,375.05,382.80,1941763,7433.13,42509,474335,24.43
JETAIRWAYS,EQ,2015-08-19,375.05,376.00,384.40,372.75,379.40,379.80,378.42,1824589,6904.55,47641,533808,29.26
JETAIRWAYS,EQ,2015-08-20,379.80,383.00,397.00,382.00,387.15,389.55,389.64,3104861,12097.72,56131,683407,22.01
JETAIRWAYS,EQ,2015-08-21,389.55,377.00,381.75,362.10,372.00,373.10,371.36,2204193,8185.53,37464,518257,23.51
JETAIRWAYS,EQ,2015-08-24,373.10,347.00,358.90,298.50,298.50,301.25,325.74,2438667,7943.64,40194,847626,34.76
JETAIRWAYS,EQ,2015-08-25,301.25,316.00,328.00,283.30,327.00,324.25,309.61,3350318,10373.07,65207,595575,17.78
JETAIRWAYS,EQ,2015-08-26,324.25,321.50,334.80,305.00,327.50,325.15,325.41,2012928,6550.37,42596,240145,11.93
JETAIRWAYS,EQ,2015-08-27,325.15,334.90,346.00,332.30,341.00,339.35,339.20,1312246,4451.14,24730,333277,25.40
JETAIRWAYS,EQ,2015-08-28,339.35,340.95,349.10,334.60,335.35,337.60,340.74,1764540,6012.56,28984,279063,15.82
JETAIRWAYS,EQ,2015-08-31,337.60,332.70,342.00,327.60,337.70,338.05,333.91,961883,3211.86,16889,141554,14.72
JETAIRWAYS,EQ,2015-09-01,338.05,345.00,348.00,321.80,322.95,324.70,337.05,2295445,7736.90,40440,515216,22.45
JETAIRWAYS,EQ,2015-09-02,324.70,330.00,336.25,314.05,317.80,317.40,325.84,1654547,5391.21,31076,423036,25.57
JETAIRWAYS,EQ,2015-09-03,317.40,323.00,331.90,321.25,325.05,325.85,327.07,1507998,4932.25,28598,240700,15.96
JETAIRWAYS,EQ,2015-09-04,325.85,323.90,323.90,304.25,312.80,312.20,311.66,1141871,3558.80,23567,220921,19.35
JETAIRWAYS,EQ,2015-09-07,312.20,314.10,315.65,295.00,300.80,301.35,307.04,1249332,3835.98,25441,254336,20.36
JETAIRWAYS,EQ,2015-09-08,301.35,305.00,315.00,296.00,314.00,312.75,306.24,1581765,4844.00,26803,311427,19.69
JETAIRWAYS,EQ,2015-09-09,312.75,321.00,322.70,313.30,316.00,316.50,318.05,940827,2992.28,17153,197836,21.03
JETAIRWAYS,EQ,2015-09-10,316.50,308.00,313.95,301.65,311.45,311.45,308.77,1184757,3658.20,21812,169884,14.34
JETAIRWAYS,EQ,2015-09-11,311.45,320.00,333.95,320.00,327.00,328.25,328.26,2427217,7967.68,38886,381033,15.70
JETAIRWAYS,EQ,2015-09-14,328.25,329.00,334.60,325.25,329.90,330.45,330.35,803634,2654.84,14331,162044,20.16
JETAIRWAYS,EQ,2015-09-15,330.45,332.50,351.25,332.50,335.50,337.25,342.87,3232011,11081.66,56067,525467,16.26
JETAIRWAYS,EQ,2015-09-16,337.25,340.00,341.70,325.55,329.60,331.40,333.96,1323046,4418.51,25355,211938,16.02
JETAIRWAYS,EQ,2015-09-18,331.40,338.25,343.90,334.50,337.20,337.40,338.45,928994,3144.18,16178,199074,21.43
JETAIRWAYS,EQ,2015-09-21,337.40,335.00,344.00,334.55,342.00,341.10,340.69,766467,2611.25,14514,161181,21.03
JETAIRWAYS,EQ,2015-09-22,341.10,343.30,349.80,322.95,324.55,326.70,339.02,1532356,5194.94,26723,343070,22.39
JETAIRWAYS,EQ,2015-09-23,326.70,323.95,333.45,322.35,332.00,331.35,329.28,1133354,3731.92,17823,232400,20.51
JETAIRWAYS,EQ,2015-09-24,331.35,331.65,335.00,326.55,331.35,331.35,331.20,690871,2288.16,11823,122278,17.70
JETAIRWAYS,EQ,2015-09-28,331.35,333.00,333.00,318.40,320.70,320.05,325.28,694143,2257.88,13063,238275,34.33
JETAIRWAYS,EQ,2015-09-29,320.05,314.80,341.40,310.00,329.80,329.65,328.08,1932929,6341.60,28922,388951,20.12
JETAIRWAYS,EQ,2015-09-30,329.65,332.60,337.50,322.10,323.60,324.35,329.48,1833510,6041.05,31138,410965,22.41
JETAIRWAYS,EQ,2015-10-01,324.35,327.90,330.85,316.55,319.80,321.35,323.36,1853138,5992.37,35405,308130,16.63
JETAIRWAYS,EQ,2015-10-05,321.35,323.75,335.40,322.50,331.00,329.70,329.93,1480678,4885.17,24165,427563,28.88
JETAIRWAYS,EQ,2015-10-06,329.70,331.55,341.00,329.00,334.25,334.45,335.57,2038407,6840.24,33747,411187,20.17
JETAIRWAYS,EQ,2015-10-07,334.45,334.50,337.70,329.10,331.65,332.15,333.08,950507,3165.94,17273,238585,25.10
JETAIRWAYS,EQ,2015-10-08,332.15,332.15,333.85,325.00,328.30,329.15,329.01,783163,2576.67,13697,161255,20.59
JETAIRWAYS,EQ,2015-10-09,329.15,332.10,335.00,323.70,325.80,326.40,328.56,814066,2674.66,13852,222602,27.34
JETAIRWAYS,EQ,2015-10-12,326.40,328.45,334.70,324.75,329.70,329.30,329.31,820206,2701.04,11888,188344,22.96
JETAIRWAYS,EQ,2015-10-13,329.30,333.70,374.30,333.00,368.35,369.75,355.80,11357869,40411.64,141740,1552218,13.67
JETAIRWAYS,EQ,2015-10-14,369.75,372.40,383.75,361.75,364.85,367.05,376.33,6701653,25220.64,96415,1027877,15.34
JETAIRWAYS,EQ,2015-10-15,367.05,370.00,374.00,363.10,366.60,365.60,368.28,2870267,10570.59,42790,414443,14.44
JETAIRWAYS,EQ,2015-10-16,365.60,367.95,389.50,362.00,387.70,384.30,377.23,4079030,15387.39,55812,793958,19.46
JETAIRWAYS,EQ,2015-10-19,384.30,392.00,428.00,392.00,417.50,417.80,416.70,11502758,47932.48,150154,1072702,9.33
JETAIRWAYS,EQ,2015-10-20,417.80,421.00,424.70,383.60,398.00,395.95,406.06,7001085,28428.94,95952,955805,13.65
JETAIRWAYS,EQ,2015-10-21,395.95,398.00,412.90,389.40,407.90,408.50,404.02,6411362,25903.04,95624,565802,8.82
JETAIRWAYS,EQ,2015-10-23,408.50,411.50,416.50,404.50,409.65,411.50,411.10,2984341,12268.67,49360,411421,13.79
JETAIRWAYS,EQ,2015-10-26,411.50,410.60,412.05,396.20,397.55,398.45,401.85,1905419,7657.00,32602,346046,18.16
JETAIRWAYS,EQ,2015-10-27,398.45,400.60,413.00,398.55,405.35,403.80,405.40,3911281,15856.38,58407,512835,13.11
JETAIRWAYS,EQ,2015-10-28,403.80,408.00,414.90,404.00,406.90,408.15,409.65,3032133,12420.99,49668,571774,18.86
JETAIRWAYS,EQ,2015-10-29,408.15,392.70,410.80,388.95,400.00,400.25,402.64,3897004,15691.04,72047,630311,16.17
JETAIRWAYS,EQ,2015-10-30,400.25,405.00,447.40,402.00,445.40,437.45,421.92,9866500,41628.62,129554,1796664,18.21
JETAIRWAYS,EQ,2015-11-02,437.45,461.25,483.60,446.00,451.50,450.75,466.75,12808806,59785.58,188920,1386642,10.83
JETAIRWAYS,EQ,2015-11-03,450.75,455.50,462.55,446.10,454.00,453.15,454.49,5316168,24161.65,79644,422037,7.94
JETAIRWAYS,EQ,2015-11-04,453.15,456.30,470.80,451.00,462.00,460.30,462.41,4836656,22364.98,76332,519128,10.73
JETAIRWAYS,EQ,2015-11-05,460.30,461.00,463.45,438.00,439.00,441.15,449.77,2455645,11044.84,39932,482470,19.65
JETAIRWAYS,EQ,2015-11-06,441.15,440.10,447.30,408.65,414.30,416.65,423.90,4107121,17410.21,80321,787900,19.18
JETAIRWAYS,EQ,2015-11-09,416.65,390.05,445.65,390.05,442.60,440.65,428.62,7213135,30917.27,113126,924720,12.82
JETAIRWAYS,EQ,2015-11-10,440.65,445.10,455.00,418.30,420.75,421.80,437.22,8087419,35359.63,123128,931602,11.52
JETAIRWAYS,EQ,2015-11-11,421.80,426.00,433.80,423.50,433.00,430.85,429.35,1166326,5007.66,17498,174687,14.98
JETAIRWAYS,EQ,2015-11-13,430.85,426.00,442.95,425.00,434.55,435.40,434.60,4490398,19515.35,66367,646433,14.40
JETAIRWAYS,EQ,2015-11-16,435.40,433.80,438.00,423.20,426.50,427.35,430.04,2246511,9660.79,37583,452586,20.15
JETAIRWAYS,EQ,2015-11-17,427.35,431.20,433.10,421.10,428.15,428.75,428.07,3008057,12876.66,46492,612120,20.35
JETAIRWAYS,EQ,2015-11-18,428.75,413.00,427.95,409.15,414.00,415.20,420.43,5355587,22516.40,83944,657789,12.28
JETAIRWAYS,EQ,2015-11-19,415.20,420.00,452.00,419.60,451.50,449.25,438.55,8279963,36311.65,114681,1254763,15.15
JETAIRWAYS,EQ,2015-11-20,449.25,450.05,475.80,437.55,458.75,458.35,458.88,11280471,51763.48,157572,1040832,9.23
JETAIRWAYS,EQ,2015-11-23,458.35,459.70,474.80,453.45,466.20,467.35,466.52,6520920,30421.52,90956,897835,13.77
JETAIRWAYS,EQ,2015-11-24,467.35,467.00,481.60,460.60,478.00,473.40,471.56,6499836,30650.59,86037,823990,12.68
JETAIRWAYS,EQ,2015-11-26,473.40,477.70,509.75,471.30,508.40,506.25,491.21,9648011,47391.68,136847,1254438,13.00
JETAIRWAYS,EQ,2015-11-27,506.25,508.00,518.70,501.75,503.80,505.10,511.07,6998608,35767.75,100931,879812,12.57
JETAIRWAYS,EQ,2015-11-30,505.10,502.95,519.40,500.30,512.90,514.80,512.47,4021392,20608.59,62944,496465,12.35
JETAIRWAYS,EQ,2015-12-01,514.80,517.40,524.10,510.00,512.90,512.45,518.21,3773460,19554.35,58590,513010,13.60
JETAIRWAYS,EQ,2015-12-02,512.45,515.00,578.55,506.40,563.10,562.70,550.99,16361946,90153.32,216961,1702199,10.40
JETAIRWAYS,EQ,2015-12-03,562.70,560.00,588.00,558.10,573.25,568.90,574.62,9480000,54474.00,134200,990688,10.45
JETAIRWAYS,EQ,2015-12-04,568.90,567.90,579.00,551.55,557.00,555.85,567.97,5925324,33653.96,89083,550892,9.30
JETAIRWAYS,EQ,2015-12-07,555.85,561.40,572.00,550.50,561.55,558.15,562.58,3806724,21415.90,62280,383580,10.08
JETAIRWAYS,EQ,2015-12-08,558.15,566.50,592.00,566.50,574.65,573.05,579.25,9902242,57358.64,143567,847436,8.56
JETAIRWAYS,EQ,2015-12-09,573.05,579.00,586.40,553.40,567.30,560.40,570.08,5747898,32767.72,87175,594816,10.35
JETAIRWAYS,EQ,2015-12-10,560.40,571.90,575.85,548.40,571.00,572.20,565.32,5685038,32138.81,87770,412650,7.26
JETAIRWAYS,EQ,2015-12-11,572.20,573.80,576.00,553.70,562.80,562.65,565.08,3649171,20620.57,56656,339929,9.32
JETAIRWAYS,EQ,2015-12-14,562.65,559.00,573.55,552.00,569.45,570.20,564.86,5011268,28306.89,78308,404036,8.06
JETAIRWAYS,EQ,2015-12-15,570.20,575.75,602.50,573.30,599.50,598.50,587.68,8752432,51436.51,128817,1008273,11.52
JETAIRWAYS,EQ,2015-12-16,598.50,605.00,613.95,593.60,600.40,598.95,606.76,5825496,35346.61,85721,787375,13.52
JETAIRWAYS,EQ,2015-12-17,598.95,606.50,619.80,602.00,614.80,614.35,611.39,5143848,31449.05,72624,640829,12.46
JETAIRWAYS,EQ,2015-12-18,614.35,615.00,626.90,608.00,619.00,619.00,618.43,6347105,39252.23,93055,566395,8.92
JETAIRWAYS,EQ,2015-12-21,619.00,618.50,628.80,615.70,621.65,622.70,623.17,3566558,22225.86,54496,316061,8.86
JETAIRWAYS,EQ,2015-12-22,622.70,625.60,635.90,622.00,631.00,630.50,629.75,4319196,27200.24,61387,345387,8.00
JETAIRWAYS,EQ,2015-12-23,630.50,634.70,637.90,617.50,623.80,624.80,629.25,3245069,20419.53,50263,433002,13.34
JETAIRWAYS,EQ,2015-12-24,624.80,626.00,628.45,607.05,609.10,609.45,615.34,2193358,13496.57,36110,446507,20.36
JETAIRWAYS,EQ,2015-12-28,609.45,613.50,642.00,602.10,636.00,638.00,627.77,5469511,34335.86,86295,772902,14.13
JETAIRWAYS,EQ,2015-12-29,638.00,641.30,653.00,639.15,646.60,647.60,647.19,5305189,34334.70,74566,623689,11.76
JETAIRWAYS,EQ,2015-12-30,647.60,650.50,663.70,645.35,655.80,658.00,654.02,3482960,22779.13,50224,461470,13.25
JETAIRWAYS,EQ,2015-12-31,658.00,666.00,709.70,666.00,709.50,702.85,689.95,12019144,82925.66,167358,941650,7.83
JETAIRWAYS,EQ,2016-01-01,702.85,712.70,778.00,712.50,758.25,760.75,756.04,20385278,154121.37,265901,2253838,11.06
JETAIRWAYS,EQ,2016-01-04,760.75,751.70,773.70,725.50,731.00,732.95,746.33,10198949,76117.93,157705,1168574,11.46
JETAIRWAYS,EQ,2016-01-05,732.95,741.90,751.95,728.80,737.80,738.80,740.53,5209606,38578.47,88523,453344,8.70
JETAIRWAYS,EQ,2016-01-06,738.80,743.80,758.00,732.10,745.90,744.00,747.42,5740245,42903.66,93590,567481,9.89
JETAIRWAYS,EQ,2016-01-07,744.00,740.00,756.30,724.35,742.15,742.60,744.90,9021704,67202.47,158532,969361,10.74
JETAIRWAYS,EQ,2016-01-08,742.60,754.00,760.00,743.00,749.20,746.60,749.89,4560874,34201.64,75374,577764,12.67
JETAIRWAYS,EQ,2016-01-11,746.60,745.00,759.45,738.05,750.75,749.15,749.28,4013155,30069.84,68976,496143,12.36
JETAIRWAYS,EQ,2016-01-12,749.15,759.95,783.60,757.00,774.10,773.20,772.65,8802610,68013.78,148724,933563,10.61
JETAIRWAYS,EQ,2016-01-13,773.20,785.70,796.40,739.25,776.00,775.80,774.07,10915818,84495.76,184313,1104970,10.12
JETAIRWAYS,EQ,2016-01-14,775.80,767.00,772.20,747.05,751.00,753.20,760.10,5112482,38860.20,94079,458082,8.96
JETAIRWAYS,EQ,2016-01-15,753.20,763.45,768.20,696.45,704.25,707.90,739.08,5157322,38116.69,102830,600727,11.65
JETAIRWAYS,EQ,2016-01-18,707.90,705.00,715.00,608.30,625.15,635.50,668.67,6660779,44538.91,134399,673991,10.12
JETAIRWAYS,EQ,2016-01-19,635.50,642.00,677.90,615.00,676.95,671.10,654.06,10473685,68504.09,195120,680467,6.50
JETAIRWAYS,EQ,2016-01-20,671.10,660.00,664.00,626.20,653.90,650.85,648.40,7474170,48462.39,144350,362553,4.85
JETAIRWAYS,EQ,2016-01-21,650.85,671.00,675.00,648.50,660.00,658.85,661.89,5305671,35117.59,96970,356198,6.71
JETAIRWAYS,EQ,2016-01-22,658.85,665.25,667.00,565.60,619.75,617.20,612.81,18488435,113298.98,352894,772106,4.18
JETAIRWAYS,EQ,2016-01-25,617.20,627.00,634.00,601.00,624.00,625.25,619.18,9993289,61876.31,185838,586383,5.87
JETAIRWAYS,EQ,2016-01-27,625.25,630.25,652.75,626.75,652.75,645.50,641.48,6195860,39745.20,114790,593758,9.58
JETAIRWAYS,EQ,2016-01-28,645.50,648.70,657.70,618.75,629.35,625.00,637.80,7735891,49339.63,134256,1473108,19.04
JETAIRWAYS,EQ,2016-01-29,625.00,624.90,624.90,589.00,602.20,602.60,601.49,6880996,41388.80,125685,694280,10.09
JETAIRWAYS,EQ,2016-02-01,602.60,635.00,639.00,602.70,603.60,605.95,616.33,5595962,34489.82,99372,781862,13.97
JETAIRWAYS,EQ,2016-02-02,605.95,611.10,619.30,595.75,602.65,601.45,607.90,4924956,29938.81,88978,370548,7.52
JETAIRWAYS,EQ,2016-02-03,601.45,597.00,612.00,555.05,556.00,560.70,582.51,7642278,44517.14,136560,724033,9.47
JETAIRWAYS,EQ,2016-02-04,560.70,558.90,564.80,514.00,536.00,528.95,539.61,8566817,46227.54,163643,572354,6.68
JETAIRWAYS,EQ,2016-02-05,528.95,530.50,579.75,515.60,577.45,569.50,548.15,10568921,57933.14,189112,933287,8.83
JETAIRWAYS,EQ,2016-02-08,569.50,614.00,618.00,586.90,591.75,594.00,601.33,11622234,69887.91,189276,1233976,10.62
JETAIRWAYS,EQ,2016-02-09,594.00,581.20,591.60,571.00,579.80,576.90,580.87,4829965,28055.91,87879,414296,8.58
JETAIRWAYS,EQ,2016-02-10,576.90,581.10,599.90,576.00,588.50,586.95,588.34,6196106,36454.14,118366,440376,7.11
JETAIRWAYS,EQ,2016-02-11,586.95,587.00,590.00,516.10,520.00,524.45,546.73,7807729,42687.17,153999,748995,9.59
JETAIRWAYS,EQ,2016-02-12,524.45,524.00,553.45,489.25,543.10,543.95,521.93,11622015,60658.68,227135,616007,5.30
JETAIRWAYS,EQ,2016-02-15,543.95,559.00,575.80,547.70,563.95,566.20,563.29,5894194,33201.23,110179,589747,10.01
JETAIRWAYS,EQ,2016-02-16,566.20,571.80,572.10,532.10,532.85,534.25,544.13,4911200,26723.52,95583,540019,11.00
JETAIRWAYS,EQ,2016-02-17,534.25,535.00,553.40,517.60,551.20,549.35,534.85,6251231,33434.62,117253,439580,7.03
JETAIRWAYS,EQ,2016-02-18,549.35,560.00,563.75,534.00,541.05,542.90,548.01,4395819,24089.47,86841,402937,9.17
JETAIRWAYS,EQ,2016-02-19,542.90,557.00,567.00,550.60,557.05,557.45,557.91,4684988,26138.18,84552,313561,6.69
JETAIRWAYS,EQ,2016-02-22,557.45,558.70,558.95,543.85,551.70,551.30,550.28,2486783,13684.32,47949,165927,6.67
JETAIRWAYS,EQ,2016-02-23,551.30,547.00,564.90,541.40,550.15,549.65,554.19,4607209,25532.79,86048,251211,5.45
JETAIRWAYS,EQ,2016-02-24,549.65,548.70,558.80,521.00,524.00,524.90,543.00,4500880,24439.71,83322,451948,10.04
JETAIRWAYS,EQ,2016-02-25,524.90,526.00,528.85,501.50,505.00,504.70,510.35,5344177,27273.78,97002,639251,11.96
JETAIRWAYS,EQ,2016-02-26,504.70,513.70,516.45,490.35,504.50,505.40,504.43,6916776,34890.17,121547,318786,4.61
JETAIRWAYS,EQ,2016-02-29,505.40,502.40,508.50,477.70,489.25,491.50,492.16,6705401,33001.29,128694,352665,5.26
JETAIRWAYS,EQ,2016-03-01,491.50,479.00,513.35,476.10,510.50,510.10,498.34,6092997,30363.86,114106,428798,7.04
JETAIRWAYS,EQ,2016-03-02,510.10,520.00,530.50,509.75,512.80,513.85,520.33,6207520,32299.52,106394,643961,10.37
JETAIRWAYS,EQ,2016-03-03,513.85,519.15,521.40,509.15,517.55,517.25,515.68,3672259,18937.20,67004,342816,9.34
JETAIRWAYS,EQ,2016-03-04,517.25,520.00,544.80,511.65,534.10,534.35,534.34,5698688,30450.56,100913,631530,11.08
JETAIRWAYS,EQ,2016-03-08,534.35,531.00,536.50,520.50,525.00,526.65,528.43,3245832,17151.79,58097,386890,11.92
JETAIRWAYS,EQ,2016-03-09,526.65,526.80,543.40,520.60,541.00,540.05,534.55,3772380,20165.32,67654,424623,11.26
JETAIRWAYS,EQ,2016-03-10,540.05,549.50,554.90,532.65,535.00,536.20,544.94,3855381,21009.68,67535,557452,14.46
JETAIRWAYS,EQ,2016-03-11,536.20,537.00,545.80,532.00,538.40,538.05,539.28,2980300,16072.08,52318,235588,7.90
JETAIRWAYS,EQ,2016-03-14,538.05,541.50,544.05,523.55,524.70,526.20,531.02,2696222,14317.58,47926,398236,14.77
JETAIRWAYS,EQ,2016-03-15,526.20,526.75,536.00,525.00,529.90,530.80,530.83,2826433,15003.57,52517,290895,10.29
JETAIRWAYS,EQ,2016-03-16,530.80,530.00,535.20,517.25,528.00,528.55,525.94,2373055,12480.73,40544,406046,17.11
JETAIRWAYS,EQ,2016-03-17,528.55,533.00,533.40,520.15,521.55,522.80,525.93,1869034,9829.89,34492,227866,12.19
JETAIRWAYS,EQ,2016-03-18,522.80,520.00,524.80,514.40,522.00,522.60,520.23,1994568,10376.39,34820,297661,14.92
JETAIRWAYS,EQ,2016-03-21,522.60,522.75,549.00,522.75,545.00,546.45,538.81,3985778,21475.75,67887,603705,15.15
JETAIRWAYS,EQ,2016-03-22,546.45,547.60,555.00,529.55,537.00,540.30,543.76,3748971,20385.24,67031,342909,9.15
JETAIRWAYS,EQ,2016-03-23,540.30,534.00,561.30,533.50,551.00,554.15,552.33,6202867,34260.21,107565,519384,8.37
JETAIRWAYS,EQ,2016-03-28,554.15,555.65,566.00,541.20,542.60,543.95,556.10,4161466,23141.75,71948,495241,11.90
JETAIRWAYS,EQ,2016-03-29,543.95,542.80,549.40,536.25,538.05,538.50,542.42,2368339,12846.28,41161,285378,12.05
JETAIRWAYS,EQ,2016-03-30,538.50,545.00,548.55,539.20,542.50,542.90,544.19,1461987,7956.05,24190,192422,13.16
JETAIRWAYS,EQ,2016-03-31,542.90,546.00,551.35,537.10,547.15,547.30,544.32,2141285,11655.48,32519,398021,18.59
JETAIRWAYS,EQ,2016-04-01,547.30,540.00,569.90,538.00,569.00,566.50,558.93,4614809,25793.33,74323,478113,10.36
JETAIRWAYS,EQ,2016-04-04,566.50,575.35,591.70,573.25,587.75,588.40,584.15,4533450,26482.37,72913,465021,10.26
JETAIRWAYS,EQ,2016-04-05,588.40,586.00,608.45,584.00,593.15,594.45,598.02,6965574,41655.22,110708,700050,10.05
JETAIRWAYS,EQ,2016-04-06,594.45,600.00,632.95,598.00,626.50,628.95,615.55,6458974,39758.17,98579,934797,14.47
JETAIRWAYS,EQ,2016-04-07,628.95,623.00,626.00,608.00,613.10,614.20,617.35,4125223,25467.17,69162,344030,8.34
JETAIRWAYS,EQ,2016-04-08,614.20,611.80,628.50,610.00,617.00,614.95,620.28,3479911,21585.13,61902,237750,6.83
JETAIRWAYS,EQ,2016-04-11,614.95,614.90,628.70,610.00,626.90,626.55,622.08,3136973,19514.39,51638,291831,9.30
JETAIRWAYS,EQ,2016-04-12,626.55,625.00,644.70,625.00,630.10,630.95,637.09,3627686,23111.58,60671,497004,13.70
JETAIRWAYS,EQ,2016-04-13,630.95,636.00,637.00,622.60,624.05,626.20,629.41,2925045,18410.63,51750,309263,10.57
JETAIRWAYS,EQ,2016-04-18,626.20,635.00,646.55,635.00,638.50,639.40,641.28,2473788,15863.81,49783,418962,16.94
JETAIRWAYS,EQ,2016-04-20,639.40,642.00,642.00,621.65,622.95,624.10,629.50,2005049,12621.69,36284,363083,18.11
JETAIRWAYS,EQ,2016-04-21,624.10,622.00,629.05,612.55,616.35,617.65,619.80,2085375,12925.23,38213,172872,8.29
JETAIRWAYS,EQ,2016-04-22,617.65,616.10,624.60,613.65,617.05,615.90,619.09,1480161,9163.54,27654,136172,9.20
JETAIRWAYS,EQ,2016-04-25,615.90,617.20,630.00,614.70,629.30,626.05,621.56,1950849,12125.70,35625,258161,13.23
JETAIRWAYS,EQ,2016-04-26,626.05,632.65,641.80,631.00,634.00,636.15,636.51,2997682,19080.48,52247,490675,16.37
JETAIRWAYS,EQ,2016-04-27,636.15,635.30,641.40,628.00,635.75,637.45,636.37,2246652,14297.02,36278,298541,13.29
JETAIRWAYS,EQ,2016-04-28,637.45,637.35,644.45,624.10,630.50,628.15,635.45,2313163,14699.07,39444,419386,18.13
JETAIRWAYS,EQ,2016-04-29,628.15,632.45,634.55,611.00,616.55,617.45,622.84,2270727,14142.90,44822,421262,18.55
JETAIRWAYS,EQ,2016-05-02,617.45,612.00,629.85,609.05,621.35,618.95,619.64,2808997,17405.64,50268,401223,14.28
JETAIRWAYS,EQ,2016-05-03,618.95,624.00,632.90,616.00,621.00,620.95,625.24,2303629,14403.11,40338,217630,9.45
JETAIRWAYS,EQ,2016-05-04,620.95,623.00,634.90,620.10,625.75,623.80,626.77,2073821,12997.99,37102,230584,11.12
JETAIRWAYS,EQ,2016-05-05,623.80,625.00,628.95,616.00,624.55,623.05,623.02,1473092,9177.67,26218,151155,10.26
JETAIRWAYS,EQ,2016-05-06,623.05,626.80,632.50,622.60,627.00,625.80,627.93,1438294,9031.43,27547,180513,12.55
JETAIRWAYS,EQ,2016-05-09,625.80,628.95,662.40,621.20,661.95,657.85,646.00,5064500,32716.48,76724,970490,19.16
JETAIRWAYS,EQ,2016-05-10,657.85,665.00,669.20,657.00,661.00,661.20,663.94,3045395,20219.46,54052,382403,12.56
JETAIRWAYS,EQ,2016-05-11,661.20,650.00,664.25,643.00,651.50,651.20,655.94,1977202,12969.17,37040,214831,10.87
JETAIRWAYS,EQ,2016-05-12,651.20,649.20,660.50,643.25,659.10,654.25,650.08,1721792,11193.01,31405,136036,7.90
JETAIRWAYS,EQ,2016-05-13,654.25,653.00,664.25,649.15,649.70,651.85,656.61,2046186,13435.40,37727,225466,11.02
JETAIRWAYS,EQ,2016-05-16,651.85,654.75,665.00,645.00,662.60,662.75,655.74,2165548,14200.28,37507,395543,18.27
JETAIRWAYS,EQ,2016-05-17,662.75,662.40,669.90,648.35,649.00,654.75,662.06,3056935,20238.81,50834,502234,16.43
JETAIRWAYS,EQ,2016-05-18,654.75,647.85,657.10,646.10,648.80,648.55,650.58,2087769,13582.56,35557,380056,18.20
JETAIRWAYS,EQ,2016-05-19,648.55,650.90,660.50,630.00,631.30,633.45,648.32,2039457,13222.29,33323,335281,16.44
JETAIRWAYS,EQ,2016-05-20,633.45,633.30,635.95,597.60,607.40,603.85,615.86,2488593,15326.35,45224,365808,14.70
JETAIRWAYS,EQ,2016-05-23,603.85,607.10,613.70,602.00,604.80,607.15,608.33,1643904,10000.29,31542,183303,11.15
JETAIRWAYS,EQ,2016-05-24,607.15,609.95,610.20,578.00,582.05,582.00,589.67,2328578,13730.92,40587,287154,12.33
JETAIRWAYS,EQ,2016-05-25,582.00,587.25,602.30,582.20,599.40,598.65,591.76,1836030,10864.87,31165,240335,13.09
JETAIRWAYS,EQ,2016-05-26,598.65,601.40,612.00,586.00,608.55,606.25,601.80,3942546,23726.32,64293,400589,10.16
JETAIRWAYS,EQ,2016-05-27,606.25,637.00,638.00,598.20,600.15,604.10,617.77,5308981,32797.16,81933,820424,15.45
JETAIRWAYS,EQ,2016-05-30,604.10,606.70,609.50,592.65,597.40,599.30,601.18,2117364,12729.23,39193,211959,10.01
JETAIRWAYS,EQ,2016-05-31,599.30,602.00,602.75,585.00,585.30,588.00,591.22,1801874,10652.98,33879,253428,14.06
JETAIRWAYS,EQ,2016-06-01,588.00,579.00,584.50,570.70,574.50,575.15,577.81,2519389,14557.26,44086,234812,9.32
JETAIRWAYS,EQ,2016-06-02,575.15,574.65,580.50,565.35,568.00,570.10,571.62,1537397,8788.13,26841,152949,9.95
JETAIRWAYS,EQ,2016-06-03,570.10,571.80,573.00,555.75,557.95,557.50,562.42,1674319,9416.71,29370,235136,14.04
JETAIRWAYS,EQ,2016-06-06,557.50,557.50,570.70,552.60,565.95,565.70,564.22,1803489,10175.61,34293,197889,10.97
JETAIRWAYS,EQ,2016-06-07,565.70,561.40,561.85,550.00,551.25,552.25,554.68,1503505,8339.61,28318,188076,12.51
JETAIRWAYS,EQ,2016-06-08,552.25,549.90,555.30,545.10,550.40,551.15,550.44,1387607,7637.93,28273,143330,10.33
JETAIRWAYS,EQ,2016-06-09,551.15,551.15,573.90,547.00,572.20,568.75,562.18,2867116,16118.25,48674,326206,11.38
JETAIRWAYS,EQ,2016-06-10,568.75,576.00,577.80,566.25,567.95,569.60,572.04,2465118,14101.48,41797,354563,14.38
JETAIRWAYS,EQ,2016-06-13,569.60,551.50,561.35,547.70,549.50,550.20,553.79,1705981,9447.53,38784,362492,21.25
JETAIRWAYS,EQ,2016-06-14,550.20,553.00,561.40,550.20,559.40,559.15,556.76,1323487,7368.59,25368,156455,11.82
JETAIRWAYS,EQ,2016-06-15,559.15,561.35,575.90,555.10,559.95,561.35,567.67,5136943,29161.00,83826,519598,10.11
JETAIRWAYS,EQ,2016-06-16,561.35,557.00,564.90,553.65,557.40,557.55,558.75,1787521,9987.78,32702,179781,10.06
JETAIRWAYS,EQ,2016-06-17,557.55,563.00,564.00,545.50,548.10,549.95,554.54,1302694,7223.93,24174,232566,17.85
JETAIRWAYS,EQ,2016-06-20,549.95,543.90,589.90,535.30,588.60,586.00,572.82,10145489,58115.29,147109,1899157,18.72
JETAIRWAYS,EQ,2016-06-21,586.00,588.00,598.70,572.70,573.45,576.45,587.48,6551056,38486.15,94651,1433568,21.88
JETAIRWAYS,EQ,2016-06-22,576.45,577.90,579.95,559.00,560.10,562.95,567.91,2659267,15102.19,41336,702347,26.41
JETAIRWAYS,EQ,2016-06-23,562.95,562.90,562.90,551.15,555.10,556.65,556.08,1609034,8947.46,26965,233240,14.50
JETAIRWAYS,EQ,2016-06-24,556.65,541.20,542.05,507.75,533.00,533.60,525.20,4058674,21316.32,67293,759973,18.72
JETAIRWAYS,EQ,2016-06-27,533.60,539.75,549.50,538.05,541.85,541.60,544.80,1532193,8347.39,28092,226547,14.79
JETAIRWAYS,EQ,2016-06-28,541.60,545.00,556.20,544.00,552.70,551.15,550.88,1861412,10254.17,30981,274095,14.73
JETAIRWAYS,EQ,2016-06-29,551.15,555.00,562.00,554.60,557.35,558.60,558.63,1712683,9567.63,25137,288949,16.87
JETAIRWAYS,EQ,2016-06-30,558.60,563.65,563.65,553.40,556.70,555.75,557.82,1734099,9673.19,24001,392891,22.66
JETAIRWAYS,EQ,2016-07-01,555.75,555.75,555.75,544.50,545.00,546.35,549.71,2351363,12925.59,32969,518251,22.04
JETAIRWAYS,EQ,2016-07-04,546.35,546.00,571.50,542.50,570.85,570.10,560.54,3569146,20006.53,53361,615380,17.24
JETAIRWAYS,EQ,2016-07-05,570.10,575.00,581.20,568.50,569.25,570.80,575.46,2783052,16015.47,40921,345494,12.41
JETAIRWAYS,EQ,2016-07-07,570.80,576.80,581.00,568.10,570.70,569.90,575.19,1377334,7922.27,20727,149534,10.86
JETAIRWAYS,EQ,2016-07-08,569.90,573.00,578.40,564.20,571.45,570.50,571.97,1385307,7923.60,20980,119649,8.64
JETAIRWAYS,EQ,2016-07-11,570.50,580.00,584.70,570.20,573.60,574.00,576.62,2030605,11708.79,28481,477857,23.53
JETAIRWAYS,EQ,2016-07-12,574.00,578.00,582.55,574.20,575.30,576.25,577.66,1290433,7454.29,18545,201570,15.62
JETAIRWAYS,EQ,2016-07-13,576.25,577.70,578.25,563.10,564.20,564.60,568.26,1104470,6276.23,19404,192589,17.44
JETAIRWAYS,EQ,2016-07-14,564.60,566.80,573.50,564.65,570.70,570.70,570.01,1033195,5889.27,16392,147603,14.29
JETAIRWAYS,EQ,2016-07-15,570.70,571.70,571.80,558.20,558.90,560.95,563.84,824715,4650.07,14997,164126,19.90
JETAIRWAYS,EQ,2016-07-18,560.95,563.60,572.00,556.70,559.95,559.55,564.89,1032639,5833.29,16409,179557,17.39
JETAIRWAYS,EQ,2016-07-19,559.55,562.00,566.00,547.60,554.55,553.70,557.86,1026874,5728.47,18264,110468,10.76
JETAIRWAYS,EQ,2016-07-20,553.70,555.90,562.20,554.00,560.60,560.05,558.82,989558,5529.89,17637,99998,10.11
JETAIRWAYS,EQ,2016-07-21,560.05,562.90,562.90,549.20,550.05,550.95,554.67,940046,5214.17,15523,143237,15.24
JETAIRWAYS,EQ,2016-07-22,550.95,553.75,572.85,547.35,568.50,567.45,562.78,1848787,10404.61,34911,255179,13.80
JETAIRWAYS,EQ,2016-07-25,567.45,569.00,578.00,560.75,573.25,574.10,572.38,1307763,7485.35,22148,173517,13.27
JETAIRWAYS,EQ,2016-07-26,574.10,570.90,573.95,560.40,567.00,566.65,568.49,1116070,6344.77,20102,139163,12.47
JETAIRWAYS,EQ,2016-07-27,566.65,569.70,589.70,568.00,581.60,581.90,580.93,3405901,19785.83,53495,576272,16.92
JETAIRWAYS,EQ,2016-07-28,581.90,585.65,594.60,583.45,589.50,588.70,589.66,1847944,10896.58,28888,336339,18.20
JETAIRWAYS,EQ,2016-07-29,588.70,591.60,623.85,590.50,622.05,620.60,611.07,5045891,30833.91,82410,737854,14.62
JETAIRWAYS,EQ,2016-08-01,620.60,625.00,625.60,606.25,609.00,608.60,615.68,2358192,14518.84,36821,331467,14.06
JETAIRWAYS,EQ,2016-08-02,608.60,600.00,605.00,573.50,578.10,578.20,584.04,3157026,18438.35,55041,535924,16.98
JETAIRWAYS,EQ,2016-08-03,578.20,577.80,607.40,575.30,591.20,593.80,593.23,3286525,19496.54,50853,630581,19.19
JETAIRWAYS,EQ,2016-08-04,593.80,596.00,597.80,579.40,588.40,588.60,588.11,1555219,9146.46,24635,177752,11.43
JETAIRWAYS,EQ,2016-08-05,588.60,593.00,605.00,589.60,598.05,599.65,598.43,2067793,12374.27,31621,339789,16.43
JETAIRWAYS,EQ,2016-08-08,599.65,601.00,603.80,583.35,586.00,588.45,593.47,2048425,12156.88,33293,582824,28.45
JETAIRWAYS,EQ,2016-08-09,588.45,585.20,588.00,551.75,555.75,554.55,565.03,3077537,17388.98,51685,826612,26.86
JETAIRWAYS,EQ,2016-08-10,554.55,555.00,564.90,547.80,552.75,552.00,557.86,2186862,12199.54,37009,254223,11.63
JETAIRWAYS,EQ,2016-08-11,552.00,554.25,559.95,542.25,547.60,547.10,551.27,1399320,7714.07,25333,174656,12.48
JETAIRWAYS,EQ,2016-08-12,547.10,549.85,555.55,535.00,535.25,540.20,545.20,2345141,12785.80,39060,457406,19.50
JETAIRWAYS,EQ,2016-08-16,540.20,522.00,546.35,516.25,538.00,539.75,534.02,3892669,20787.69,64498,401149,10.31
JETAIRWAYS,EQ,2016-08-17,539.75,544.80,553.00,540.60,543.95,542.85,546.81,1664892,9103.83,26013,227596,13.67
JETAIRWAYS,EQ,2016-08-18,542.85,547.95,550.85,535.40,539.00,540.15,544.04,1064846,5793.14,18173,211997,19.91
JETAIRWAYS,EQ,2016-08-19,540.15,543.65,543.95,533.00,542.60,537.95,538.15,1188143,6393.97,19730,195556,16.46
JETAIRWAYS,EQ,2016-08-22,537.95,541.75,554.50,540.00,542.70,543.55,548.27,2208998,12111.28,33112,369411,16.72
JETAIRWAYS,EQ,2016-08-23,543.55,545.75,558.00,545.50,550.10,549.90,553.07,1898470,10499.81,30662,275948,14.54
JETAIRWAYS,EQ,2016-08-24,549.90,552.00,554.50,541.60,543.50,543.25,546.72,1162797,6357.19,17785,278670,23.97
JETAIRWAYS,EQ,2016-08-25,543.25,547.25,548.00,531.00,532.80,532.60,537.85,1456144,7831.84,23004,504444,34.64
JETAIRWAYS,EQ,2016-08-26,532.60,534.30,537.95,527.65,530.00,529.50,532.52,900481,4795.23,14808,136857,15.20
JETAIRWAYS,EQ,2016-08-29,529.50,532.70,535.70,527.25,528.20,529.15,531.00,848043,4503.13,16951,139271,16.42
JETAIRWAYS,EQ,2016-08-30,529.15,532.60,537.60,531.55,534.15,534.60,534.56,1118102,5976.87,23191,331005,29.60
JETAIRWAYS,EQ,2016-08-31,534.60,536.80,546.75,535.55,539.45,539.05,542.47,1797994,9753.54,25596,296497,16.49
JETAIRWAYS,EQ,2016-09-01,539.05,545.20,552.45,535.00,541.00,538.60,544.64,1615734,8799.90,24900,195268,12.09
JETAIRWAYS,EQ,2016-09-02,538.60,542.00,542.70,531.30,534.00,534.05,535.90,850775,4559.35,14592,140907,16.56
JETAIRWAYS,EQ,2016-09-06,534.05,536.75,536.80,525.75,528.90,528.45,529.41,927629,4910.98,16641,187438,20.21
JETAIRWAYS,EQ,2016-09-07,528.45,530.45,554.90,528.60,551.00,549.35,541.56,2515728,13624.27,41250,585840,23.29
JETAIRWAYS,EQ,2016-09-08,549.35,553.10,557.90,541.60,547.20,548.40,550.15,1894760,10424.11,33180,361389,19.07
JETAIRWAYS,EQ,2016-09-09,548.40,549.50,549.50,539.30,540.00,540.70,542.90,810607,4400.81,15245,127913,15.78
JETAIRWAYS,EQ,2016-09-12,540.70,534.70,543.90,528.30,529.55,531.05,536.04,1191641,6387.72,27898,193651,16.25
JETAIRWAYS,EQ,2016-09-14,531.05,533.80,539.30,530.60,534.55,534.65,534.83,672784,3598.27,11260,85115,12.65
JETAIRWAYS,EQ,2016-09-15,534.65,536.75,546.90,535.05,540.90,540.55,541.72,1019598,5523.35,19863,168515,16.53
JETAIRWAYS,EQ,2016-09-16,540.55,544.00,547.65,532.50,541.00,540.60,540.72,1331120,7197.61,22048,450210,33.82
JETAIRWAYS,EQ,2016-09-19,540.60,542.00,548.00,535.50,539.00,540.25,542.87,951270,5164.21,17253,115168,12.11
JETAIRWAYS,EQ,2016-09-20,540.25,538.00,542.00,533.00,535.40,535.40,537.71,645748,3472.22,11709,91316,14.14
JETAIRWAYS,EQ,2016-09-21,535.40,537.30,545.00,533.30,534.00,535.50,539.87,1039609,5612.57,17983,105787,10.18
JETAIRWAYS,EQ,2016-09-22,535.50,540.95,542.85,536.00,538.80,539.25,539.72,685144,3697.84,12344,101525,14.82
JETAIRWAYS,EQ,2016-09-23,539.25,539.00,555.00,538.25,547.25,547.55,548.41,3157820,17317.72,49421,1077788,34.13
JETAIRWAYS,EQ,2016-09-26,547.55,548.40,562.40,539.00,539.95,541.05,552.33,3300748,18231.13,56162,687124,20.82
JETAIRWAYS,EQ,2016-09-27,541.05,543.80,549.00,524.00,528.25,526.45,535.10,2084735,11155.49,37736,609078,29.22
JETAIRWAYS,EQ,2016-09-28,526.45,529.20,534.40,525.10,528.00,527.15,529.89,1333715,7067.16,23224,270463,20.28
JETAIRWAYS,EQ,2016-09-29,527.15,530.30,530.90,453.15,459.90,461.50,486.63,4987458,24270.71,70690,1359918,27.27
JETAIRWAYS,EQ,2016-09-30,461.50,464.00,483.25,456.00,476.00,476.25,472.61,2738711,12943.48,46110,370587,13.53
JETAIRWAYS,EQ,2016-10-03,476.25,478.00,496.35,476.10,493.95,493.00,489.48,2174309,10642.76,34933,341123,15.69
JETAIRWAYS,EQ,2016-10-04,493.00,495.00,503.00,483.15,488.00,487.30,491.68,1606807,7900.35,27325,321221,19.99
JETAIRWAYS,EQ,2016-10-05,487.30,490.80,492.80,482.00,484.45,484.30,485.87,1054814,5125.06,18468,160282,15.20
JETAIRWAYS,EQ,2016-10-06,484.30,484.00,486.40,471.10,473.70,473.85,477.49,1222789,5838.70,22005,196190,16.04
JETAIRWAYS,EQ,2016-10-07,473.85,475.10,477.40,464.00,468.00,466.85,469.26,1382020,6485.32,24824,222124,16.07
JETAIRWAYS,EQ,2016-10-10,466.85,469.20,474.55,465.60,467.05,467.05,469.69,754043,3541.65,13964,152555,20.23
JETAIRWAYS,EQ,2016-10-13,467.05,466.70,466.70,449.20,451.35,452.00,455.35,1147839,5226.65,20758,216131,18.83
JETAIRWAYS,EQ,2016-10-14,452.00,450.70,460.70,443.10,454.80,455.80,453.04,1887862,8552.84,32172,183762,9.73
JETAIRWAYS,EQ,2016-10-17,455.80,457.95,463.60,452.00,456.00,455.65,457.81,1165671,5336.56,20067,134734,11.56
JETAIRWAYS,EQ,2016-10-18,455.65,460.00,465.20,453.50,461.15,461.35,460.93,1219503,5621.03,18827,211587,17.35
JETAIRWAYS,EQ,2016-10-19,461.35,463.05,470.60,457.85,467.80,467.85,466.67,1551665,7241.21,22434,243150,15.67
JETAIRWAYS,EQ,2016-10-20,467.85,472.45,473.70,464.40,465.00,466.20,468.14,960979,4498.75,14268,148124,15.41
JETAIRWAYS,EQ,2016-10-21,466.20,469.90,483.50,468.60,476.00,477.65,478.96,2516986,12055.47,38690,328899,13.07
JETAIRWAYS,EQ,2016-10-24,477.65,478.45,482.40,470.50,471.00,471.85,475.67,744665,3542.14,11211,142840,19.18
JETAIRWAYS,EQ,2016-10-25,471.85,473.00,478.00,462.40,465.55,464.85,468.65,1379357,6464.41,18934,431669,31.29
JETAIRWAYS,EQ,2016-10-26,464.85,464.90,471.25,457.00,460.15,460.35,465.87,878940,4094.74,13378,180230,20.51
JETAIRWAYS,EQ,2016-10-27,460.35,460.90,463.60,453.00,455.35,454.45,456.51,1007685,4600.17,13860,208675,20.71
JETAIRWAYS,EQ,2016-10-28,454.45,454.75,464.50,454.75,459.75,458.90,459.59,736091,3383.00,11846,120059,16.31
JETAIRWAYS,EQ,2016-10-30,458.90,462.90,469.80,460.00,468.55,467.05,465.58,275148,1281.04,4449,101610,36.93
JETAIRWAYS,EQ,2016-11-01,467.05,486.55,487.50,471.75,478.00,474.60,478.73,2388531,11434.71,33408,295501,12.37
JETAIRWAYS,EQ,2016-11-02,474.60,468.95,474.00,460.00,462.65,462.25,467.17,900043,4204.72,13235,124054,13.78
JETAIRWAYS,EQ,2016-11-03,462.25,460.40,467.65,454.10,457.95,456.70,460.92,800017,3687.44,11752,89852,11.23
JETAIRWAYS,EQ,2016-11-04,456.70,458.95,458.95,432.10,436.00,435.80,441.67,1118139,4938.52,18558,201340,18.01
JETAIRWAYS,EQ,2016-11-07,435.80,440.00,443.70,433.65,435.50,435.15,438.84,562562,2468.73,10127,100083,17.79
JETAIRWAYS,EQ,2016-11-08,435.15,438.60,442.25,428.00,435.90,437.20,435.41,758175,3301.20,12858,106221,14.01
JETAIRWAYS,EQ,2016-11-09,437.20,405.00,430.90,390.00,421.00,425.55,409.70,2144324,8785.26,33658,296814,13.84
JETAIRWAYS,EQ,2016-11-10,425.55,434.40,446.70,429.75,439.40,440.20,439.24,1131074,4968.12,18256,169772,15.01
JETAIRWAYS,EQ,2016-11-11,440.20,438.00,446.50,423.15,426.00,424.95,433.97,1235233,5360.50,19328,189486,15.34
JETAIRWAYS,EQ,2016-11-15,424.95,425.00,430.00,371.25,373.00,379.30,394.56,1956469,7719.42,32102,489202,25.00
JETAIRWAYS,EQ,2016-11-16,379.30,385.05,390.00,371.00,373.05,373.00,379.78,2165485,8224.02,31755,490275,22.64
JETAIRWAYS,EQ,2016-11-17,373.00,374.00,378.00,360.00,363.65,362.15,367.18,1770635,6501.39,23079,279064,15.76
JETAIRWAYS,EQ,2016-11-18,362.15,363.80,368.35,356.65,358.20,360.10,361.83,1606157,5811.50,23037,182377,11.35
JETAIRWAYS,EQ,2016-11-21,360.10,359.05,366.70,346.00,347.00,348.50,355.35,1714424,6092.21,23154,225420,13.15
JETAIRWAYS,EQ,2016-11-22,348.50,348.00,354.50,336.05,343.20,340.80,344.29,1983837,6830.09,26874,375616,18.93
JETAIRWAYS,EQ,2016-11-23,340.80,345.10,367.00,338.85,357.65,361.55,355.40,2799053,9947.89,36805,342060,12.22
JETAIRWAYS,EQ,2016-11-24,361.55,357.00,359.40,347.25,356.65,353.95,353.75,1605183,5678.40,22836,310990,19.37
JETAIRWAYS,EQ,2016-11-25,353.95,356.00,374.20,352.20,369.10,370.45,367.03,2634007,9667.68,37391,385890,14.65
JETAIRWAYS,EQ,2016-11-28,370.45,369.95,399.00,367.30,391.45,394.40,387.33,3061829,11859.34,42163,414525,13.54
JETAIRWAYS,EQ,2016-11-29,394.40,395.00,406.95,388.10,395.00,395.90,398.44,3026428,12058.51,44157,250560,8.28
JETAIRWAYS,EQ,2016-11-30,395.90,399.90,410.50,394.20,397.80,397.15,403.36,2375329,9581.22,35825,276356,11.63
JETAIRWAYS,EQ,2016-12-01,397.15,390.55,390.60,378.65,384.00,382.80,383.65,1935359,7425.03,28270,242053,12.51
JETAIRWAYS,EQ,2016-12-02,382.80,375.00,383.80,373.60,376.80,377.10,377.74,1638316,6188.51,22923,-,-
JETAIRWAYS,EQ,2016-12-02,382.80,375.00,383.80,373.60,376.80,377.10,377.74,1638316,6188.51,22923,150880,9.21
JETAIRWAYS,EQ,2016-12-05,377.10,377.00,381.85,370.10,378.85,378.70,376.52,1002530,3774.68,14625,96053,9.58
JETAIRWAYS,EQ,2016-12-06,378.70,380.80,385.65,369.10,371.40,371.80,376.97,1176375,4434.61,16957,301426,25.62
JETAIRWAYS,EQ,2016-12-07,371.80,374.00,374.65,365.50,367.70,368.70,369.47,1476614,5455.67,20495,200510,13.58
JETAIRWAYS,EQ,2016-12-08,368.70,372.00,378.70,369.50,373.50,373.10,373.90,1187298,4439.25,17007,189458,15.96
JETAIRWAYS,EQ,2016-12-09,373.10,373.50,376.00,367.00,368.30,369.05,370.72,955344,3541.63,16415,190885,19.98
JETAIRWAYS,EQ,2016-12-12,369.05,365.50,366.40,353.20,355.50,355.65,357.45,1383428,4945.09,21228,341897,24.71
JETAIRWAYS,EQ,2016-12-13,355.65,349.00,363.70,347.00,361.50,361.70,356.83,2146664,7659.97,30914,216598,10.09
JETAIRWAYS,EQ,2016-12-14,361.70,360.10,364.80,355.00,359.00,357.95,358.97,1056854,3793.84,14479,126534,11.97
JETAIRWAYS,EQ,2016-12-15,357.95,354.10,367.30,352.25,360.60,360.40,361.93,1675034,6062.39,21015,156243,9.33
JETAIRWAYS,EQ,2016-12-16,360.40,364.00,366.55,360.00,361.90,361.60,362.21,840049,3042.73,17336,158540,18.87
JETAIRWAYS,EQ,2016-12-19,361.60,360.00,364.80,355.50,358.50,359.05,360.30,818420,2948.78,14202,92992,11.36
JETAIRWAYS,EQ,2016-12-20,359.05,357.20,365.00,349.20,350.65,351.85,356.96,1514716,5406.96,26414,228150,15.06
JETAIRWAYS,EQ,2016-12-21,351.85,353.00,355.40,348.65,348.70,350.05,351.91,870705,3064.07,18022,131911,15.15
JETAIRWAYS,EQ,2016-12-22,350.05,350.00,353.50,344.15,350.50,350.15,349.75,1114141,3896.71,18200,120077,10.78
JETAIRWAYS,EQ,2016-12-23,350.15,350.60,354.00,345.60,349.00,349.10,350.71,895761,3141.48,14363,113713,12.69
JETAIRWAYS,EQ,2016-12-26,349.10,347.95,350.65,337.90,337.90,340.35,343.67,805095,2766.83,12844,173652,21.57
JETAIRWAYS,EQ,2016-12-27,340.35,340.00,345.00,332.60,342.05,343.40,339.29,1310767,4447.27,19427,149357,11.39
JETAIRWAYS,EQ,2016-12-28,343.40,343.15,348.60,338.20,342.40,340.55,343.39,1023638,3515.04,14885,137368,13.42
JETAIRWAYS,EQ,2016-12-29,340.55,342.60,344.20,338.55,343.00,342.25,341.62,786650,2687.37,9710,153915,19.57
JETAIRWAYS,EQ,2016-12-30,342.25,343.00,351.60,343.00,346.80,347.60,347.83,1175436,4088.52,15003,221438,18.84
JETAIRWAYS,EQ,2017-01-02,347.60,338.00,364.90,338.00,364.10,362.90,354.29,3092944,10958.06,36617,378861,12.25
JETAIRWAYS,EQ,2017-01-03,362.90,364.70,369.35,358.65,365.00,364.15,364.54,1800189,6562.49,23407,269571,14.97
JETAIRWAYS,EQ,2017-01-04,364.15,367.80,373.00,364.60,370.20,370.40,369.37,1493203,5515.42,22853,277377,18.58
JETAIRWAYS,EQ,2017-01-05,370.40,372.30,375.70,370.35,374.00,373.80,373.29,1464261,5465.90,19192,449108,30.67
JETAIRWAYS,EQ,2017-01-06,373.80,375.30,378.25,369.30,372.90,372.25,373.41,939309,3507.46,14878,151901,16.17
JETAIRWAYS,EQ,2017-01-09,372.25,373.00,379.00,366.50,373.15,373.65,374.71,1308348,4902.52,18999,134389,10.27
JETAIRWAYS,EQ,2017-01-10,373.65,377.40,390.70,372.70,388.00,388.55,383.52,2639689,10123.68,34478,408085,15.46
JETAIRWAYS,EQ,2017-01-11,388.55,390.80,393.40,385.55,386.85,388.10,388.85,1423216,5534.21,20067,243052,17.08
JETAIRWAYS,EQ,2017-01-12,388.10,388.00,397.80,383.45,390.50,390.85,392.30,1766917,6931.68,32034,241147,13.65
JETAIRWAYS,EQ,2017-01-13,390.85,392.50,394.75,386.50,390.55,390.60,390.49,1123137,4385.70,18883,154248,13.73
JETAIRWAYS,EQ,2017-01-16,390.60,391.00,406.00,390.90,400.90,399.80,401.23,2244970,9007.55,28382,259421,11.56
JETAIRWAYS,EQ,2017-01-17,399.80,401.90,403.60,395.55,397.35,398.60,399.10,994257,3968.11,14141,132739,13.35
JETAIRWAYS,EQ,2017-01-18,398.60,401.00,417.70,398.50,406.50,405.85,410.34,4212780,17286.90,54334,422006,10.02
JETAIRWAYS,EQ,2017-01-19,405.85,406.60,412.80,404.20,407.05,407.60,408.76,1382596,5651.44,21964,154997,11.21
JETAIRWAYS,EQ,2017-01-20,407.60,409.95,418.35,399.85,402.80,402.30,409.44,2188131,8959.04,27856,240232,10.98
JETAIRWAYS,EQ,2017-01-23,402.30,402.50,407.20,400.25,404.20,403.85,404.00,865832,3497.93,11978,82729,9.55
JETAIRWAYS,EQ,2017-01-24,403.85,405.55,407.50,400.35,404.35,403.40,403.49,632544,2552.22,9180,64207,10.15
JETAIRWAYS,EQ,2017-01-25,403.40,407.00,419.70,402.30,416.10,416.75,411.85,1925075,7928.49,22132,511558,26.57
JETAIRWAYS,EQ,2017-01-27,416.75,416.25,424.90,410.95,419.50,419.45,418.92,1511582,6332.36,19075,194379,12.86
JETAIRWAYS,EQ,2017-01-30,419.45,418.70,419.30,413.10,413.30,414.60,415.34,715219,2970.57,9238,87428,12.22
JETAIRWAYS,EQ,2017-01-31,414.60,414.00,414.50,401.05,402.00,402.95,406.79,864492,3516.64,10683,178705,20.67
JETAIRWAYS,EQ,2017-02-01,402.95,398.75,400.00,388.00,390.30,391.00,392.54,1741005,6834.18,23350,293453,16.86
JETAIRWAYS,EQ,2017-02-02,391.00,387.05,396.90,385.00,385.30,386.85,390.13,1608733,6276.13,21008,341253,21.21
JETAIRWAYS,EQ,2017-02-03,386.85,388.00,392.90,375.00,380.25,379.15,384.16,2457186,9439.52,37268,513962,20.92
JETAIRWAYS,EQ,2017-02-06,379.15,360.55,381.00,360.55,378.00,376.25,373.93,4085957,15278.47,52879,626932,15.34
JETAIRWAYS,EQ,2017-02-07,376.25,376.10,384.50,373.25,377.70,378.95,380.09,1725093,6556.91,28105,394488,22.87
JETAIRWAYS,EQ,2017-02-08,378.95,378.40,383.35,372.00,373.20,375.10,378.28,1262717,4776.59,24004,280281,22.20
JETAIRWAYS,EQ,2017-02-09,375.10,374.00,381.00,371.50,374.70,374.30,375.93,1105847,4157.26,17081,183511,16.59
JETAIRWAYS,EQ,2017-02-10,374.30,376.80,380.65,372.05,372.50,373.25,375.64,925244,3475.60,13153,160363,17.33
JETAIRWAYS,EQ,2017-02-13,373.25,378.55,378.55,364.00,365.40,367.00,370.08,1194485,4420.60,15807,247048,20.68
JETAIRWAYS,EQ,2017-02-14,367.00,366.00,370.75,361.60,362.65,362.85,365.26,910543,3325.85,22445,212198,23.30
JETAIRWAYS,EQ,2017-02-15,362.85,364.40,364.50,351.05,357.00,356.90,356.11,1646951,5864.93,26545,565420,34.33
JETAIRWAYS,EQ,2017-02-16,356.90,357.40,365.90,355.60,365.90,362.60,359.12,1140300,4095.06,13273,349468,30.65
JETAIRWAYS,EQ,2017-02-17,362.60,365.90,371.25,361.95,369.00,366.80,365.72,1601325,5856.30,20001,404605,25.27
JETAIRWAYS,EQ,2017-02-20,366.80,373.50,386.00,371.50,381.00,382.15,379.91,2971007,11287.08,36198,693387,23.34
JETAIRWAYS,EQ,2017-02-21,382.15,384.75,415.70,382.00,411.95,410.90,403.07,7608233,30666.45,87851,1241598,16.32
JETAIRWAYS,EQ,2017-02-22,410.90,413.20,430.90,410.30,422.00,423.85,421.69,6561265,27668.37,81127,772904,11.78
