Symbol,Series,Date,Prev Close,Open Price,High Price,Low Price,Last Price,Close Price,Average Price,Total Traded Quantity,Turnover in Lacs,No. of Trades,Deliverable Qty,% Dly Qt to Traded Qty
KIRLOSBROS,EQ,2014-12-04,223.45,224.10,227.00,219.55,219.60,220.15,221.74,5218,11.57,198,3593,68.86
KIRLOSBROS,EQ,2014-12-05,220.15,223.95,227.45,220.00,223.50,224.00,223.73,6331,14.16,478,4220,66.66
KIRLOSBROS,EQ,2014-12-08,224.00,228.55,228.90,221.85,224.30,224.75,224.88,3964,8.91,159,2422,61.10
KIRLOSBROS,EQ,2014-12-09,224.75,224.30,228.00,221.10,224.85,222.50,225.14,4442,10.00,100,2978,67.04
KIRLOSBROS,EQ,2014-12-10,222.50,224.85,230.85,221.10,228.50,228.70,227.05,5563,12.63,247,4194,75.39
KIRLOSBROS,EQ,2014-12-11,228.70,232.65,232.65,223.15,223.30,225.10,227.41,1445,3.29,80,951,65.81
KIRLOSBROS,EQ,2014-12-12,225.10,224.45,227.00,221.00,221.10,221.35,224.24,4087,9.16,135,3151,77.10
KIRLOSBROS,EQ,2014-12-15,221.35,220.05,221.00,215.05,220.00,218.75,217.77,4260,9.28,108,1711,40.16
KIRLOSBROS,EQ,2014-12-16,218.75,217.00,217.00,203.50,203.65,207.85,207.61,9043,18.77,358,4001,44.24
KIRLOSBROS,EQ,2014-12-17,207.85,203.40,208.00,201.50,202.95,202.25,204.24,6830,13.95,223,4592,67.23
KIRLOSBROS,EQ,2014-12-18,202.25,204.00,208.95,204.00,206.55,208.15,208.06,1831,3.81,74,926,50.57
KIRLOSBROS,EQ,2014-12-19,208.15,206.25,210.95,202.55,208.00,209.75,207.23,11970,24.81,310,7042,58.83
KIRLOSBROS,EQ,2014-12-22,209.75,209.30,228.70,209.30,224.00,225.05,219.04,8890,19.47,366,4276,48.10
KIRLOSBROS,EQ,2014-12-23,225.05,220.50,231.00,220.50,231.00,229.75,227.27,5772,13.12,298,3660,63.41
KIRLOSBROS,EQ,2014-12-24,229.75,230.00,235.00,225.40,230.00,233.80,232.89,4637,10.80,150,3624,78.15
KIRLOSBROS,EQ,2014-12-26,233.80,232.00,234.90,227.75,227.75,229.40,230.13,3787,8.71,127,1469,38.79
KIRLOSBROS,EQ,2014-12-29,229.40,231.00,238.90,225.50,237.70,236.40,234.78,10649,25.00,365,4670,43.85
KIRLOSBROS,EQ,2014-12-30,236.40,236.00,243.90,236.00,243.00,242.65,239.66,12555,30.09,442,11071,88.18
KIRLOSBROS,EQ,2014-12-31,242.65,241.00,244.60,236.65,240.00,240.60,239.86,3828,9.18,123,1832,47.86
KIRLOSBROS,EQ,2015-01-01,240.60,240.60,240.60,235.15,237.00,237.15,237.73,4462,10.61,509,2183,48.92
KIRLOSBROS,EQ,2015-01-02,237.15,239.00,242.90,233.55,234.25,236.00,238.29,3983,9.49,193,1243,31.21
KIRLOSBROS,EQ,2015-01-05,236.00,236.00,239.45,236.00,238.95,238.25,237.89,4441,10.56,166,1091,24.57
KIRLOSBROS,EQ,2015-01-06,238.25,238.95,238.95,230.00,230.05,232.35,233.73,7746,18.10,604,1275,16.46
KIRLOSBROS,EQ,2015-01-07,232.35,230.15,238.45,230.15,236.00,236.15,234.59,3532,8.29,418,1832,51.87
KIRLOSBROS,EQ,2015-01-08,236.15,234.00,243.00,230.10,231.00,232.05,233.34,3972,9.27,269,1907,48.01
KIRLOSBROS,EQ,2015-01-09,232.05,232.10,236.50,226.55,227.10,227.15,229.39,3143,7.21,157,1711,54.44
KIRLOSBROS,EQ,2015-01-12,227.15,230.00,230.00,220.55,224.00,223.50,224.62,2876,6.46,229,1410,49.03
KIRLOSBROS,EQ,2015-01-13,223.50,223.95,224.95,220.50,221.00,221.00,221.81,1652,3.66,110,1110,67.19
KIRLOSBROS,EQ,2015-01-14,221.00,222.00,222.90,218.00,219.90,218.75,219.96,1621,3.57,64,1127,69.52
KIRLOSBROS,EQ,2015-01-15,218.75,218.10,222.50,218.10,220.00,219.45,219.66,1762,3.87,71,995,56.47
KIRLOSBROS,EQ,2015-01-16,219.45,217.90,222.95,217.50,217.60,218.35,219.53,1826,4.01,103,1373,75.19
KIRLOSBROS,EQ,2015-01-19,218.35,218.05,220.95,209.85,211.00,212.35,215.04,6633,14.26,286,4400,66.33
KIRLOSBROS,EQ,2015-01-20,212.35,217.90,217.90,212.55,214.00,215.65,215.50,2239,4.83,137,1344,60.03
KIRLOSBROS,EQ,2015-01-21,215.65,214.60,217.50,212.55,215.95,215.10,214.04,8436,18.06,96,8173,96.88
KIRLOSBROS,EQ,2015-01-22,215.10,215.90,216.00,214.00,215.00,214.60,215.00,724,1.56,64,458,63.26
KIRLOSBROS,EQ,2015-01-23,214.60,216.95,216.95,210.00,212.00,212.20,213.30,1803,3.85,68,1351,74.93
KIRLOSBROS,EQ,2015-01-27,212.20,210.10,214.00,210.00,211.00,211.40,212.00,3040,6.44,81,2536,83.42
KIRLOSBROS,EQ,2015-01-28,211.40,210.30,213.00,208.10,208.10,208.40,209.48,3373,7.07,124,2756,81.71
KIRLOSBROS,EQ,2015-01-29,208.40,209.00,209.95,204.80,208.00,207.50,206.91,4947,10.24,114,3459,69.92
KIRLOSBROS,EQ,2015-01-30,207.50,206.50,212.90,204.95,211.90,209.50,207.82,9643,20.04,264,6128,63.55
KIRLOSBROS,EQ,2015-02-02,209.50,208.00,209.90,207.40,209.90,208.85,208.75,1642,3.43,58,1329,80.94
KIRLOSBROS,EQ,2015-02-03,208.85,209.00,213.20,208.10,213.15,211.50,210.25,3453,7.26,867,3179,92.06
KIRLOSBROS,EQ,2015-02-04,211.50,207.65,249.90,207.65,229.85,231.05,236.66,179882,425.71,4701,45620,25.36
KIRLOSBROS,EQ,2015-02-05,231.05,232.40,232.50,209.90,211.00,214.30,218.24,49452,107.92,2228,14241,28.80
KIRLOSBROS,EQ,2015-02-06,214.30,214.00,214.00,200.00,205.25,205.80,207.15,16144,33.44,670,7508,46.51
KIRLOSBROS,EQ,2015-02-09,205.80,206.00,209.00,199.00,202.00,203.20,203.34,8223,16.72,397,4788,58.23
KIRLOSBROS,EQ,2015-02-10,203.20,202.00,204.55,199.00,199.00,199.75,201.19,6148,12.37,284,4417,71.84
KIRLOSBROS,EQ,2015-02-11,199.75,202.00,202.00,190.95,200.00,199.95,198.62,24679,49.02,499,17910,72.57
KIRLOSBROS,EQ,2015-02-12,199.95,198.00,205.70,196.20,202.10,201.70,201.51,5320,10.72,191,2891,54.34
KIRLOSBROS,EQ,2015-02-13,201.70,202.00,209.25,200.00,204.00,204.05,204.50,8824,18.04,209,7026,79.62
KIRLOSBROS,EQ,2015-02-16,204.05,204.15,205.45,200.00,203.00,201.70,202.12,3936,7.96,143,2822,71.70
KIRLOSBROS,EQ,2015-02-18,201.70,200.05,204.00,199.05,199.15,200.00,200.15,30850,61.75,194,29389,95.26
KIRLOSBROS,EQ,2015-02-19,200.00,199.05,205.00,199.05,200.00,200.10,201.10,18990,38.19,246,16520,86.99
KIRLOSBROS,EQ,2015-02-20,200.10,200.15,202.60,198.00,198.00,198.70,200.04,5890,11.78,170,4391,74.55
KIRLOSBROS,EQ,2015-02-23,198.70,199.05,203.75,197.05,199.00,199.60,200.47,3904,7.83,147,2790,71.47
KIRLOSBROS,EQ,2015-02-24,199.60,197.60,201.90,197.00,198.00,198.45,199.33,2824,5.63,125,1595,56.48
KIRLOSBROS,EQ,2015-02-25,198.45,198.55,201.80,194.60,197.05,198.00,197.36,5860,11.57,244,3717,63.43
KIRLOSBROS,EQ,2015-02-26,198.00,196.30,200.35,195.15,197.00,196.90,197.26,5486,10.82,396,3259,59.41
KIRLOSBROS,EQ,2015-02-27,196.90,200.00,200.00,195.55,197.00,196.85,196.85,3745,7.37,157,2806,74.93
KIRLOSBROS,EQ,2015-02-28,196.85,201.95,202.00,196.00,197.25,197.10,196.95,3674,7.24,185,2637,71.77
KIRLOSBROS,EQ,2015-03-02,197.10,199.00,199.50,193.55,193.65,194.45,195.83,7818,15.31,193,5646,72.22
KIRLOSBROS,EQ,2015-03-03,194.45,197.30,197.45,193.55,194.55,195.10,195.36,8760,17.11,246,5908,67.44
KIRLOSBROS,EQ,2015-03-04,195.10,195.05,197.85,191.05,192.00,193.90,193.69,20187,39.10,460,16639,82.42
KIRLOSBROS,EQ,2015-03-05,193.90,193.05,197.85,191.30,195.30,196.05,195.09,2881,5.62,161,1868,64.84
KIRLOSBROS,EQ,2015-03-09,196.05,196.15,196.40,191.50,191.55,191.80,193.61,2137,4.14,115,1726,80.77
KIRLOSBROS,EQ,2015-03-10,191.80,191.55,193.00,183.05,185.35,185.95,188.16,8240,15.50,329,6071,73.68
KIRLOSBROS,EQ,2015-03-11,185.95,187.90,189.05,181.25,184.10,185.00,184.57,7430,13.71,463,4388,59.06
KIRLOSBROS,EQ,2015-03-12,185.00,185.05,188.45,182.10,187.00,187.40,185.36,5056,9.37,366,3554,70.29
KIRLOSBROS,EQ,2015-03-13,187.40,186.05,188.50,183.05,186.00,186.30,186.26,13013,24.24,172,12473,95.85
KIRLOSBROS,EQ,2015-03-16,186.30,185.05,185.45,180.10,180.70,180.25,183.68,19573,35.95,318,18770,95.90
KIRLOSBROS,EQ,2015-03-17,180.25,180.10,181.90,177.50,179.00,178.65,179.25,8782,15.74,171,7824,89.09
KIRLOSBROS,EQ,2015-03-18,178.65,183.45,183.45,171.00,176.75,177.05,176.64,6881,12.15,367,4564,66.33
KIRLOSBROS,EQ,2015-03-19,177.05,177.10,179.85,175.00,179.45,178.35,177.66,1063,1.89,50,752,70.74
KIRLOSBROS,EQ,2015-03-20,178.35,177.00,186.00,176.95,184.00,182.60,180.34,2593,4.68,165,1739,67.07
KIRLOSBROS,EQ,2015-03-23,182.60,182.00,186.00,180.50,185.85,184.65,184.05,5476,10.08,213,4644,84.81
KIRLOSBROS,EQ,2015-03-24,184.65,182.30,185.00,178.25,184.00,183.20,182.21,6061,11.04,470,5112,84.34
KIRLOSBROS,EQ,2015-03-25,183.20,182.00,185.95,180.40,183.00,184.00,184.24,7316,13.48,76,7176,98.09
KIRLOSBROS,EQ,2015-03-26,184.00,183.05,185.00,183.00,183.00,183.20,183.13,8274,15.15,64,7981,96.46
KIRLOSBROS,EQ,2015-03-27,183.20,183.00,185.95,183.00,183.00,183.05,183.28,4126,7.56,46,3798,92.05
KIRLOSBROS,EQ,2015-03-30,183.05,184.05,189.80,182.95,186.80,187.55,184.92,4544,8.40,126,3418,75.22
KIRLOSBROS,EQ,2015-03-31,187.55,190.05,198.80,185.00,190.05,190.15,191.32,17808,34.07,260,9138,51.31
KIRLOSBROS,EQ,2015-04-01,190.15,189.05,196.85,189.05,194.05,194.00,193.96,14352,27.84,52,14033,97.78
KIRLOSBROS,EQ,2015-04-06,194.00,193.35,209.90,187.40,192.00,193.30,196.94,3836,7.55,137,2816,73.41
KIRLOSBROS,EQ,2015-04-07,193.30,193.10,198.20,186.35,195.50,193.20,191.99,4533,8.70,219,2767,61.04
KIRLOSBROS,EQ,2015-04-08,193.20,195.15,200.20,192.15,197.00,195.20,196.41,5073,9.96,130,2801,55.21
KIRLOSBROS,EQ,2015-04-09,195.20,193.00,199.85,193.00,195.50,195.25,194.74,1460,2.84,107,555,38.01
KIRLOSBROS,EQ,2015-04-10,195.25,194.05,206.00,193.00,204.00,200.75,199.12,14599,29.07,281,6587,45.12
KIRLOSBROS,EQ,2015-04-13,200.75,198.05,205.25,198.00,198.00,200.50,202.52,3316,6.72,85,2878,86.79
KIRLOSBROS,EQ,2015-04-15,200.50,200.15,229.00,200.00,219.10,218.80,217.72,39048,85.02,1257,19287,49.39
KIRLOSBROS,EQ,2015-04-16,218.80,218.80,228.00,206.10,207.00,210.30,216.45,8917,19.30,373,4682,52.51
KIRLOSBROS,EQ,2015-04-17,210.30,207.30,212.80,202.00,202.00,202.95,206.11,4982,10.27,236,2688,53.95
KIRLOSBROS,EQ,2015-04-20,202.95,201.15,209.00,195.20,197.00,197.25,199.89,7573,15.14,289,4516,59.63
KIRLOSBROS,EQ,2015-04-21,197.25,195.05,201.50,195.05,198.80,198.80,197.73,360,0.71,47,175,48.61
KIRLOSBROS,EQ,2015-04-22,198.80,196.45,200.00,192.55,200.00,198.50,196.67,482,0.95,41,244,50.62
KIRLOSBROS,EQ,2015-04-23,198.50,196.05,209.00,191.40,205.00,205.05,201.50,5021,10.12,231,3080,61.34
KIRLOSBROS,EQ,2015-04-24,205.05,209.00,209.00,195.00,195.00,195.90,198.94,2560,5.09,158,1793,70.04
KIRLOSBROS,EQ,2015-04-27,195.90,191.60,198.95,185.10,186.00,186.35,190.74,7329,13.98,216,5074,69.23
KIRLOSBROS,EQ,2015-04-28,186.35,200.00,218.90,195.20,211.50,210.40,209.02,258137,539.55,7932,47882,18.55
KIRLOSBROS,EQ,2015-04-29,210.40,208.15,211.00,198.10,199.20,200.70,204.21,16414,33.52,751,6860,41.79
KIRLOSBROS,EQ,2015-04-30,200.70,205.00,209.30,198.00,200.00,199.05,201.16,6300,12.67,173,3996,63.43
KIRLOSBROS,EQ,2015-05-04,199.05,196.10,208.00,196.10,201.50,199.90,202.21,5305,10.73,279,2086,39.32
KIRLOSBROS,EQ,2015-05-05,199.90,198.60,205.00,198.60,200.80,200.40,202.55,4340,8.79,224,2219,51.13
KIRLOSBROS,EQ,2015-05-06,200.40,200.05,200.15,192.55,197.00,195.40,195.79,4130,8.09,166,2444,59.18
KIRLOSBROS,EQ,2015-05-07,195.40,194.00,197.65,189.00,190.00,189.25,191.49,9011,17.25,270,7147,79.31
KIRLOSBROS,EQ,2015-05-08,189.25,195.00,195.05,186.40,190.90,189.15,191.49,6341,12.14,307,3158,49.80
KIRLOSBROS,EQ,2015-05-11,189.15,193.00,194.05,188.15,190.00,189.20,190.81,2744,5.24,172,1364,49.71
KIRLOSBROS,EQ,2015-05-12,189.20,189.25,195.75,185.50,191.65,193.35,191.81,14172,27.18,676,4376,30.88
KIRLOSBROS,EQ,2015-05-13,193.35,198.05,204.00,194.55,199.50,198.15,197.96,19411,38.43,701,2603,13.41
KIRLOSBROS,EQ,2015-05-14,198.15,197.00,201.70,195.50,195.50,195.95,197.42,1133,2.24,98,532,46.95
KIRLOSBROS,EQ,2015-05-15,195.95,197.85,200.50,193.75,197.10,197.80,197.85,2919,5.78,168,1647,56.42
KIRLOSBROS,EQ,2015-05-18,197.80,196.50,201.00,195.10,195.40,196.60,197.18,1785,3.52,61,1505,84.31
KIRLOSBROS,EQ,2015-05-19,196.60,195.30,197.05,190.00,191.00,191.45,192.47,3226,6.21,223,1466,45.44
KIRLOSBROS,EQ,2015-05-20,191.45,190.00,195.00,190.00,191.10,192.25,192.11,3516,6.75,203,2451,69.71
KIRLOSBROS,EQ,2015-05-21,192.25,197.95,197.95,186.45,186.50,188.00,190.30,6959,13.24,208,4880,70.13
KIRLOSBROS,EQ,2015-05-22,188.00,187.05,192.80,185.25,189.25,187.25,189.01,5753,10.87,336,3262,56.70
KIRLOSBROS,EQ,2015-05-25,187.25,186.10,189.90,182.05,184.90,184.55,185.82,3721,6.91,195,2445,65.71
KIRLOSBROS,EQ,2015-05-26,184.55,185.15,187.95,184.50,184.60,184.65,184.93,1418,2.62,61,1125,79.34
KIRLOSBROS,EQ,2015-05-27,184.65,185.05,193.45,185.00,190.00,190.15,189.50,2678,5.07,124,1685,62.92
KIRLOSBROS,EQ,2015-05-28,190.15,188.05,189.70,187.65,189.00,188.40,188.19,1341,2.52,63,963,71.81
KIRLOSBROS,EQ,2015-05-29,188.40,188.10,194.80,188.00,193.90,193.70,190.11,2359,4.48,83,1950,82.66
KIRLOSBROS,EQ,2015-06-01,193.70,186.55,192.60,186.20,186.20,186.85,188.56,2465,4.65,100,1630,66.13
KIRLOSBROS,EQ,2015-06-02,186.85,188.05,189.50,187.00,187.10,187.75,188.04,3575,6.72,103,3140,87.83
KIRLOSBROS,EQ,2015-06-03,187.75,185.05,192.75,177.00,183.00,182.70,182.29,3623,6.60,178,2489,68.70
KIRLOSBROS,EQ,2015-06-04,182.70,181.05,186.00,179.00,185.50,185.45,183.24,509,0.93,47,443,87.03
KIRLOSBROS,EQ,2015-06-05,185.45,184.05,188.90,180.35,184.00,184.55,184.67,798,1.47,50,570,71.43
KIRLOSBROS,EQ,2015-06-08,184.55,186.00,186.00,178.50,185.95,183.90,182.36,2419,4.41,251,1395,57.67
KIRLOSBROS,EQ,2015-06-09,183.90,184.50,188.95,181.00,184.25,184.85,185.33,6334,11.74,246,4973,78.51
KIRLOSBROS,EQ,2015-06-10,184.85,189.80,189.95,180.50,180.60,181.50,183.38,4577,8.39,273,2189,47.83
KIRLOSBROS,EQ,2015-06-11,181.50,183.05,186.40,181.00,186.40,183.20,182.98,4887,8.94,618,4321,88.42
KIRLOSBROS,EQ,2015-06-12,183.20,185.90,188.00,178.00,186.90,185.00,182.83,1094,2.00,91,645,58.96
KIRLOSBROS,EQ,2015-06-15,185.00,182.35,187.80,181.00,183.00,183.25,184.04,1504,2.77,191,661,43.95
KIRLOSBROS,EQ,2015-06-16,183.25,186.95,187.00,180.00,180.15,181.00,181.57,1414,2.57,101,777,54.95
KIRLOSBROS,EQ,2015-06-17,181.00,183.00,199.00,183.00,186.00,187.55,187.94,15107,28.39,390,8150,53.95
KIRLOSBROS,EQ,2015-06-18,187.55,186.05,193.90,184.10,193.85,190.30,188.88,3316,6.26,182,2512,75.75
KIRLOSBROS,EQ,2015-06-19,190.30,189.05,197.00,186.80,195.95,192.00,191.36,2323,4.45,95,1952,84.03
KIRLOSBROS,EQ,2015-06-22,192.00,190.30,198.00,188.10,197.00,196.90,191.50,4469,8.56,100,3715,83.13
KIRLOSBROS,EQ,2015-06-23,196.90,197.80,201.80,193.25,200.00,199.55,199.20,17251,34.36,234,15913,92.24
KIRLOSBROS,EQ,2015-06-24,199.55,201.95,201.95,195.00,195.05,195.05,197.49,2661,5.26,104,1598,60.05
KIRLOSBROS,EQ,2015-06-25,195.05,194.50,196.20,192.05,196.00,196.00,193.92,3522,6.83,84,2878,81.71
KIRLOSBROS,EQ,2015-06-26,196.00,199.45,201.00,194.20,198.00,198.05,198.51,2729,5.42,141,1355,49.65
KIRLOSBROS,EQ,2015-06-29,198.05,194.25,196.00,189.40,194.00,194.85,192.30,2335,4.49,95,1717,73.53
KIRLOSBROS,EQ,2015-06-30,194.85,194.05,196.95,190.50,194.00,195.55,193.57,3092,5.99,70,2291,74.09
KIRLOSBROS,EQ,2015-07-01,195.55,197.00,204.00,195.45,197.00,197.80,198.03,9045,17.91,212,7032,77.74
KIRLOSBROS,EQ,2015-07-02,197.80,199.95,203.40,197.60,198.00,197.65,199.23,3932,7.83,140,3056,77.72
KIRLOSBROS,EQ,2015-07-03,197.65,199.90,200.00,198.20,199.00,199.00,199.13,3313,6.60,67,2854,86.15
KIRLOSBROS,EQ,2015-07-06,199.00,198.00,202.00,195.20,198.45,199.70,199.77,19580,39.11,191,18646,95.23
KIRLOSBROS,EQ,2015-07-07,199.70,200.05,205.00,199.95,200.00,200.45,202.61,5600,11.35,168,4257,76.02
KIRLOSBROS,EQ,2015-07-08,200.45,199.95,200.00,190.85,200.00,196.65,194.70,3938,7.67,179,2103,53.40
KIRLOSBROS,EQ,2015-07-09,196.65,195.30,200.00,195.25,196.55,197.00,198.40,955,1.89,31,714,74.76
KIRLOSBROS,EQ,2015-07-10,197.00,196.40,200.00,196.00,199.95,198.85,197.69,9345,18.47,101,8351,89.36
KIRLOSBROS,EQ,2015-07-13,198.85,199.95,211.70,197.50,209.00,207.65,205.39,12746,26.18,274,9936,77.95
KIRLOSBROS,EQ,2015-07-14,207.65,207.60,214.90,205.00,207.40,209.85,209.66,9791,20.53,360,7694,78.58
KIRLOSBROS,EQ,2015-07-15,209.85,207.40,214.80,207.40,210.00,208.85,209.91,18634,39.12,328,14730,79.05
KIRLOSBROS,EQ,2015-07-16,208.85,224.95,229.00,217.50,218.00,218.65,222.91,34379,76.63,1131,15163,44.11
KIRLOSBROS,EQ,2015-07-17,218.65,221.85,227.00,217.10,227.00,222.45,221.53,21090,46.72,491,14970,70.98
KIRLOSBROS,EQ,2015-07-20,222.45,224.05,230.00,222.00,222.00,223.80,225.78,21198,47.86,461,13359,63.02
KIRLOSBROS,EQ,2015-07-21,223.80,225.75,228.00,220.55,221.55,222.40,223.02,19396,43.26,484,10137,52.26
KIRLOSBROS,EQ,2015-07-22,222.40,220.00,224.45,216.15,218.10,219.15,219.95,23289,51.22,1166,18570,79.74
KIRLOSBROS,EQ,2015-07-23,219.15,220.00,221.00,215.10,216.00,218.20,218.73,14656,32.06,774,11843,80.81
KIRLOSBROS,EQ,2015-07-24,218.20,216.20,219.35,212.00,212.00,212.90,215.88,6953,15.01,329,5288,76.05
KIRLOSBROS,EQ,2015-07-27,212.90,211.55,248.00,208.00,213.00,213.35,228.40,244830,559.18,6486,59339,24.24
KIRLOSBROS,EQ,2015-07-28,213.35,216.00,222.00,215.50,217.15,217.20,217.50,41802,90.92,1530,25721,61.53
KIRLOSBROS,EQ,2015-07-29,217.20,217.50,222.70,217.50,221.75,220.10,219.95,37622,82.75,1094,29672,78.87
KIRLOSBROS,EQ,2015-07-30,220.10,222.35,226.90,215.00,216.50,216.25,221.74,141459,313.68,2517,126514,89.44
KIRLOSBROS,EQ,2015-07-31,216.25,220.00,223.00,210.50,218.00,217.70,218.34,37112,81.03,1138,27641,74.48
KIRLOSBROS,EQ,2015-08-03,217.70,219.50,223.30,215.15,218.00,218.60,219.83,58798,129.26,1156,50094,85.20
KIRLOSBROS,EQ,2015-08-04,218.60,220.90,225.50,219.00,225.50,223.50,221.27,36353,80.44,919,30471,83.82
KIRLOSBROS,EQ,2015-08-05,223.50,225.75,233.85,225.75,229.90,228.25,229.00,28156,64.48,802,16581,58.89
KIRLOSBROS,EQ,2015-08-06,228.25,230.60,232.95,225.10,228.00,228.40,229.75,10012,23.00,576,7009,70.01
KIRLOSBROS,EQ,2015-08-07,228.40,225.50,231.50,225.25,231.00,229.20,228.01,12951,29.53,368,8846,68.30
KIRLOSBROS,EQ,2015-08-10,229.20,231.50,233.45,231.45,231.50,231.60,232.08,15022,34.86,462,11783,78.44
KIRLOSBROS,EQ,2015-08-11,231.60,232.90,238.05,224.10,226.90,225.80,232.29,16905,39.27,582,11481,67.91
KIRLOSBROS,EQ,2015-08-12,225.80,227.90,228.10,218.35,225.00,224.25,224.37,8323,18.67,382,5092,61.18
KIRLOSBROS,EQ,2015-08-13,224.25,226.95,226.95,203.20,215.35,212.20,211.81,46480,98.45,1726,24766,53.28
KIRLOSBROS,EQ,2015-08-14,212.20,216.20,216.20,189.35,209.00,209.20,203.71,53705,109.40,1009,15033,27.99
KIRLOSBROS,EQ,2015-08-17,209.20,207.10,211.30,201.95,209.00,208.25,207.92,10306,21.43,564,4821,46.78
KIRLOSBROS,EQ,2015-08-18,208.25,210.05,210.05,205.50,206.00,206.95,207.21,4898,10.15,168,3220,65.74
KIRLOSBROS,EQ,2015-08-19,206.95,210.00,210.05,206.05,210.00,208.50,208.31,4699,9.79,178,4099,87.23
KIRLOSBROS,EQ,2015-08-20,208.50,210.60,210.95,204.00,205.00,205.95,206.76,4409,9.12,197,3509,79.59
KIRLOSBROS,EQ,2015-08-21,205.95,202.05,207.85,201.30,201.40,202.70,204.40,5683,11.62,127,4108,72.29
KIRLOSBROS,EQ,2015-08-24,202.70,199.00,206.70,185.60,187.65,193.45,195.01,17020,33.19,1239,12678,74.49
KIRLOSBROS,EQ,2015-08-25,193.45,190.00,228.30,188.15,198.00,198.30,202.11,27259,55.09,658,15109,55.43
KIRLOSBROS,EQ,2015-08-26,198.30,200.30,211.15,200.30,200.30,201.65,203.57,6681,13.60,302,3900,58.37
KIRLOSBROS,EQ,2015-08-27,201.65,203.65,205.00,201.35,204.50,203.40,204.13,1041,2.12,41,997,95.77
KIRLOSBROS,EQ,2015-08-28,203.40,207.45,209.00,200.60,201.00,204.50,205.24,5774,11.85,187,4553,78.85
KIRLOSBROS,EQ,2015-08-31,204.50,205.75,206.00,201.65,204.00,203.95,204.08,3715,7.58,100,1464,39.41
KIRLOSBROS,EQ,2015-09-01,203.95,205.75,207.00,198.05,200.00,199.85,204.48,9351,19.12,183,6149,65.76
KIRLOSBROS,EQ,2015-09-02,199.85,200.05,210.90,200.00,210.00,209.30,207.02,8674,17.96,160,7307,84.24
KIRLOSBROS,EQ,2015-09-03,209.30,211.45,211.45,204.00,206.50,206.50,207.01,2551,5.28,100,2243,87.93
KIRLOSBROS,EQ,2015-09-04,206.50,209.90,212.00,201.60,212.00,208.10,207.11,6193,12.83,225,4538,73.28
KIRLOSBROS,EQ,2015-09-07,208.10,214.80,214.80,205.00,211.00,210.00,209.43,12523,26.23,286,11097,88.61
KIRLOSBROS,EQ,2015-09-08,210.00,212.10,212.10,207.00,211.60,210.15,209.36,13382,28.02,180,12560,93.86
KIRLOSBROS,EQ,2015-09-09,210.15,210.50,219.15,210.50,215.05,215.40,214.89,5880,12.64,202,4412,75.03
KIRLOSBROS,EQ,2015-09-10,215.40,212.00,215.00,208.10,208.95,210.00,211.71,1081,2.29,85,882,81.59
KIRLOSBROS,EQ,2015-09-11,210.00,210.10,213.75,201.25,203.00,203.30,204.54,8298,16.97,291,4884,58.86
KIRLOSBROS,EQ,2015-09-14,203.30,204.00,209.90,200.00,207.90,205.35,204.06,13424,27.39,91,1638,12.20
KIRLOSBROS,EQ,2015-09-15,205.35,207.40,207.90,200.55,202.50,204.05,203.26,3114,6.33,164,1621,52.06
KIRLOSBROS,EQ,2015-09-16,204.05,203.35,206.95,203.35,203.75,205.75,205.56,2034,4.18,56,1931,94.94
KIRLOSBROS,EQ,2015-09-18,205.75,205.80,208.10,204.15,205.10,205.55,207.07,2001,4.14,120,1613,80.61
KIRLOSBROS,EQ,2015-09-21,205.55,202.15,207.90,202.00,207.00,206.25,206.08,3906,8.05,106,2984,76.40
KIRLOSBROS,EQ,2015-09-22,206.25,208.00,208.00,201.60,201.60,202.25,205.78,25844,53.18,287,21476,83.10
KIRLOSBROS,EQ,2015-09-23,202.25,202.95,206.00,202.00,205.00,204.65,203.70,1049,2.14,30,805,76.74
KIRLOSBROS,EQ,2015-09-24,204.65,203.10,205.90,202.00,203.00,203.70,203.40,741,1.51,93,411,55.47
KIRLOSBROS,EQ,2015-09-28,203.70,203.25,203.45,200.60,202.70,201.90,202.12,3715,7.51,54,3491,93.97
KIRLOSBROS,EQ,2015-09-29,201.90,202.05,216.00,201.20,203.60,204.45,207.18,5386,11.16,181,3051,56.65
KIRLOSBROS,EQ,2015-09-30,204.45,204.00,207.45,202.20,203.00,203.10,203.26,1321,2.69,72,682,51.63
KIRLOSBROS,EQ,2015-10-01,203.10,203.75,205.70,197.15,197.35,199.75,200.21,4110,8.23,135,3375,82.12
KIRLOSBROS,EQ,2015-10-05,199.75,202.05,204.65,198.00,202.20,204.05,201.42,2737,5.51,133,1850,67.59
KIRLOSBROS,EQ,2015-10-06,204.05,206.10,207.00,203.10,206.00,204.75,205.22,4251,8.72,107,3183,74.88
KIRLOSBROS,EQ,2015-10-07,204.75,206.05,213.00,205.20,211.50,211.75,209.22,2904,6.08,146,2419,83.30
KIRLOSBROS,EQ,2015-10-08,211.75,213.85,214.30,206.25,214.30,212.60,210.98,3542,7.47,177,2245,63.38
KIRLOSBROS,EQ,2015-10-09,212.60,214.80,218.00,209.00,217.00,216.75,214.26,5906,12.65,321,3736,63.26
KIRLOSBROS,EQ,2015-10-12,216.75,215.50,219.50,213.30,215.70,218.10,215.40,6302,13.57,196,5043,80.02
KIRLOSBROS,EQ,2015-10-13,218.10,217.00,220.35,208.15,212.00,211.10,213.14,5786,12.33,469,3108,53.72
KIRLOSBROS,EQ,2015-10-14,211.10,214.95,214.95,204.30,204.50,205.25,207.61,5819,12.08,187,4082,70.15
KIRLOSBROS,EQ,2015-10-15,205.25,207.80,209.90,205.50,205.50,206.00,206.82,3326,6.88,139,2285,68.70
KIRLOSBROS,EQ,2015-10-16,206.00,208.05,208.05,198.50,200.00,200.30,200.82,16251,32.64,321,13751,84.62
KIRLOSBROS,EQ,2015-10-19,200.30,202.00,203.20,195.55,198.05,198.40,198.49,3216,6.38,159,2182,67.85
KIRLOSBROS,EQ,2015-10-20,198.40,200.05,200.05,194.50,194.50,195.40,196.82,7882,15.51,354,5566,70.62
KIRLOSBROS,EQ,2015-10-21,195.40,199.45,204.50,190.60,193.00,194.90,197.92,417372,826.05,1085,15762,3.78
KIRLOSBROS,EQ,2015-10-23,194.90,197.85,197.85,184.00,187.00,185.75,188.80,20387,38.49,1257,14541,71.32
KIRLOSBROS,EQ,2015-10-26,185.75,188.70,188.70,178.05,179.05,178.85,182.87,16521,30.21,720,13668,82.73
KIRLOSBROS,EQ,2015-10-27,178.85,183.80,183.85,175.00,177.95,176.75,178.48,10188,18.18,309,7366,72.30
KIRLOSBROS,EQ,2015-10-28,176.75,179.00,187.90,170.80,185.00,181.10,177.01,101171,179.09,2974,12764,12.62
KIRLOSBROS,EQ,2015-10-29,181.10,185.60,185.60,178.05,182.80,182.65,181.92,7585,13.80,308,3599,47.45
KIRLOSBROS,EQ,2015-10-30,182.65,184.95,184.95,175.00,175.00,176.45,179.95,4888,8.80,247,3749,76.70
KIRLOSBROS,EQ,2015-11-02,176.45,175.05,175.05,166.35,171.50,170.55,169.17,12837,21.72,567,8434,65.70
KIRLOSBROS,EQ,2015-11-03,170.55,177.00,177.00,166.55,174.00,173.95,169.94,11330,19.25,1087,5582,49.27
KIRLOSBROS,EQ,2015-11-04,173.95,177.00,177.00,170.10,171.80,172.25,173.73,5683,9.87,213,3932,69.19
KIRLOSBROS,EQ,2015-11-05,172.25,171.00,173.00,168.50,168.50,169.55,170.91,3149,5.38,125,2037,64.69
KIRLOSBROS,EQ,2015-11-06,169.55,169.95,174.95,167.10,170.00,169.55,169.84,3885,6.60,154,2845,73.23
KIRLOSBROS,EQ,2015-11-09,169.55,168.00,178.75,162.60,168.50,168.05,170.04,8676,14.75,351,4136,47.67
KIRLOSBROS,EQ,2015-11-10,168.05,169.55,171.05,165.50,170.00,169.75,168.78,3102,5.24,90,2185,70.44
KIRLOSBROS,EQ,2015-11-11,169.75,175.90,175.95,170.25,175.00,172.65,172.68,337,0.58,32,203,60.24
KIRLOSBROS,EQ,2015-11-13,172.65,173.55,173.55,165.00,165.60,166.70,168.25,3572,6.01,216,2194,61.42
KIRLOSBROS,EQ,2015-11-16,166.70,165.65,171.00,165.60,169.00,168.90,168.58,3870,6.52,189,2862,73.95
KIRLOSBROS,EQ,2015-11-17,168.90,168.95,172.05,166.30,166.30,169.05,168.60,8040,13.56,260,5607,69.74
KIRLOSBROS,EQ,2015-11-18,169.05,172.00,172.00,167.00,167.00,167.85,169.47,3465,5.87,119,2211,63.81
KIRLOSBROS,EQ,2015-11-19,167.85,175.00,175.00,168.05,168.10,169.75,169.88,1123,1.91,64,676,60.20
KIRLOSBROS,EQ,2015-11-20,169.75,175.45,175.45,168.00,168.00,169.25,170.75,1192,2.04,65,854,71.64
KIRLOSBROS,EQ,2015-11-23,169.25,170.00,172.90,166.00,166.10,166.40,168.49,7241,12.20,278,6076,83.91
KIRLOSBROS,EQ,2015-11-24,166.40,166.00,170.00,166.00,169.05,169.15,168.67,2443,4.12,91,1867,76.42
KIRLOSBROS,EQ,2015-11-26,169.15,170.25,170.40,167.10,170.00,169.40,168.67,3838,6.47,99,3147,82.00
KIRLOSBROS,EQ,2015-11-27,169.40,171.75,173.05,167.05,167.10,167.40,169.56,4166,7.06,213,2519,60.47
KIRLOSBROS,EQ,2015-11-30,167.40,171.55,171.55,167.75,167.75,168.85,169.37,2388,4.04,105,1541,64.53
KIRLOSBROS,EQ,2015-12-01,168.85,170.95,177.00,170.05,175.00,176.05,174.37,2794,4.87,142,2054,73.51
KIRLOSBROS,EQ,2015-12-02,176.05,175.00,183.00,173.20,174.00,175.00,176.53,9501,16.77,376,5823,61.29
KIRLOSBROS,EQ,2015-12-03,175.00,174.05,178.00,173.20,174.50,174.95,176.23,1980,3.49,105,1416,71.52
KIRLOSBROS,EQ,2015-12-04,174.95,181.95,181.95,173.45,174.10,175.40,177.24,4544,8.05,256,2518,55.41
KIRLOSBROS,EQ,2015-12-07,175.40,175.40,177.90,170.25,174.65,171.95,172.11,4575,7.87,188,2167,47.37
KIRLOSBROS,EQ,2015-12-08,171.95,170.35,173.80,170.35,172.00,172.40,172.46,1696,2.92,52,1163,68.57
KIRLOSBROS,EQ,2015-12-09,172.40,171.00,173.95,165.65,166.00,167.55,169.93,4981,8.46,145,3124,62.72
KIRLOSBROS,EQ,2015-12-10,167.55,167.20,172.85,166.50,169.85,167.15,167.92,1047,1.76,83,792,75.64
KIRLOSBROS,EQ,2015-12-11,167.15,166.65,169.90,162.60,163.35,163.75,165.58,7080,11.72,585,4621,65.27
KIRLOSBROS,EQ,2015-12-14,163.75,165.05,165.10,160.05,160.05,161.45,162.30,4258,6.91,245,2539,59.63
KIRLOSBROS,EQ,2015-12-15,161.45,167.90,167.90,162.00,164.35,164.65,163.75,2560,4.19,88,1776,69.38
KIRLOSBROS,EQ,2015-12-16,164.65,164.05,169.10,164.00,167.80,165.20,165.76,2653,4.40,122,1944,73.28
KIRLOSBROS,EQ,2015-12-17,165.20,171.00,171.00,165.00,167.00,167.95,166.12,861,1.43,32,757,87.92
KIRLOSBROS,EQ,2015-12-18,167.95,167.05,168.00,165.00,167.00,166.75,166.33,3122,5.19,57,2713,86.90
KIRLOSBROS,EQ,2015-12-21,166.75,168.00,170.00,166.75,170.00,169.75,168.29,1951,3.28,93,1391,71.30
KIRLOSBROS,EQ,2015-12-22,169.75,169.00,171.80,166.65,167.15,168.15,169.54,2146,3.64,62,1253,58.39
KIRLOSBROS,EQ,2015-12-23,168.15,170.95,171.85,167.45,170.00,171.00,169.49,1579,2.68,67,852,53.96
KIRLOSBROS,EQ,2015-12-24,171.00,169.30,174.00,169.20,173.70,173.15,172.77,2558,4.42,131,1954,76.39
KIRLOSBROS,EQ,2015-12-28,173.15,173.60,173.65,168.80,173.00,171.60,170.85,4546,7.77,163,3559,78.29
KIRLOSBROS,EQ,2015-12-29,171.60,171.10,173.25,168.00,168.00,168.30,170.13,2946,5.01,81,1868,63.41
KIRLOSBROS,EQ,2015-12-30,168.30,168.05,172.85,166.05,168.10,171.00,170.38,35363,60.25,170,32618,92.24
KIRLOSBROS,EQ,2015-12-31,171.00,175.35,187.35,170.10,175.55,176.45,178.35,74051,132.07,1183,48376,65.33
KIRLOSBROS,EQ,2016-01-01,176.45,175.00,177.90,171.15,172.90,174.90,173.63,56541,98.17,492,45802,81.01
KIRLOSBROS,EQ,2016-01-04,174.90,174.05,176.90,167.25,168.00,168.00,169.97,35878,60.98,356,32252,89.89
KIRLOSBROS,EQ,2016-01-05,168.00,168.00,168.05,164.20,165.00,165.05,165.18,40911,67.58,468,32754,80.06
KIRLOSBROS,EQ,2016-01-06,165.05,165.00,166.95,160.20,163.00,162.80,164.21,11834,19.43,247,7658,64.71
KIRLOSBROS,EQ,2016-01-07,162.80,162.55,166.90,154.10,154.90,155.95,161.03,24638,39.68,1006,18896,76.69
KIRLOSBROS,EQ,2016-01-08,155.95,158.90,158.90,147.25,148.00,148.35,151.08,43021,65.00,878,30340,70.52
KIRLOSBROS,EQ,2016-01-11,148.35,148.35,151.80,144.20,145.00,146.60,148.13,16513,24.46,503,8813,53.37
KIRLOSBROS,EQ,2016-01-12,146.60,146.55,148.45,138.10,140.00,140.30,140.60,95640,134.47,1831,73164,76.50
KIRLOSBROS,EQ,2016-01-13,140.30,142.05,142.50,140.00,140.15,140.55,141.18,66032,93.23,689,48273,73.11
KIRLOSBROS,EQ,2016-01-14,140.55,140.05,146.90,137.35,138.95,139.55,139.48,419785,585.52,1082,386879,92.16
KIRLOSBROS,EQ,2016-01-15,139.55,142.95,142.95,137.00,137.50,137.70,139.37,13340,18.59,422,10352,77.60
KIRLOSBROS,EQ,2016-01-18,137.70,135.75,135.75,124.05,128.50,128.00,129.75,17804,23.10,705,12812,71.96
KIRLOSBROS,EQ,2016-01-19,128.00,130.05,130.05,118.50,123.35,125.70,121.72,56421,68.68,1107,24580,43.57
KIRLOSBROS,EQ,2016-01-20,125.70,125.05,128.00,121.00,122.60,124.85,123.42,9587,11.83,399,6651,69.38
KIRLOSBROS,EQ,2016-01-21,124.85,129.70,131.90,125.00,130.00,129.45,126.38,5762,7.28,297,2839,49.27
KIRLOSBROS,EQ,2016-01-22,129.45,128.00,145.95,126.25,141.00,141.75,139.93,10697,14.97,495,7359,68.79
KIRLOSBROS,EQ,2016-01-25,141.75,144.85,145.75,140.10,141.30,141.70,142.69,3495,4.99,162,2252,64.43
KIRLOSBROS,EQ,2016-01-27,141.70,136.00,137.10,130.05,132.65,132.05,132.25,22228,29.40,726,9405,42.31
KIRLOSBROS,EQ,2016-01-28,132.05,131.00,131.00,126.65,130.75,130.70,129.93,6670,8.67,296,3081,46.19
KIRLOSBROS,EQ,2016-01-29,130.70,130.05,130.05,125.70,127.30,128.15,128.74,32400,41.71,692,27182,83.90
KIRLOSBROS,EQ,2016-02-01,128.15,132.85,132.90,124.10,125.40,125.45,126.58,24012,30.39,706,20423,85.05
KIRLOSBROS,EQ,2016-02-02,125.45,125.55,125.80,121.90,123.85,123.20,123.15,5210,6.42,214,3271,62.78
KIRLOSBROS,EQ,2016-02-03,123.20,120.05,121.95,120.00,121.95,121.35,121.71,13218,16.09,262,12039,91.08
KIRLOSBROS,EQ,2016-02-04,121.35,121.05,137.75,118.05,122.50,122.20,123.12,147888,182.08,2551,128742,87.05
KIRLOSBROS,EQ,2016-02-05,122.20,125.00,138.00,124.75,126.00,126.40,130.41,24781,32.32,755,14269,57.58
KIRLOSBROS,EQ,2016-02-08,126.40,125.10,133.80,124.10,126.40,126.15,129.19,10685,13.80,366,4684,43.84
KIRLOSBROS,EQ,2016-02-09,126.15,131.75,131.75,122.00,123.00,123.15,125.06,4305,5.38,179,2692,62.53
KIRLOSBROS,EQ,2016-02-10,123.15,123.00,127.30,119.50,120.20,120.35,121.40,12891,15.65,190,8471,65.71
KIRLOSBROS,EQ,2016-02-11,120.35,120.55,123.00,114.10,118.05,117.50,116.58,16133,18.81,226,12906,80.00
KIRLOSBROS,EQ,2016-02-12,117.50,117.10,120.00,112.50,116.45,116.05,116.56,20812,24.26,422,11495,55.23
KIRLOSBROS,EQ,2016-02-15,116.05,114.00,124.85,114.00,123.50,123.85,120.24,43869,52.75,499,28279,64.46
KIRLOSBROS,EQ,2016-02-16,123.85,123.85,124.00,118.00,118.10,119.10,121.08,19308,23.38,212,17258,89.38
KIRLOSBROS,EQ,2016-02-17,119.10,118.15,123.85,118.15,120.00,120.00,120.17,13930,16.74,287,12554,90.12
KIRLOSBROS,EQ,2016-02-18,120.00,119.90,121.00,116.10,119.45,119.40,119.40,5720,6.83,108,4521,79.04
KIRLOSBROS,EQ,2016-02-19,119.40,118.10,119.80,117.10,118.85,118.35,117.98,2340,2.76,57,1740,74.36
KIRLOSBROS,EQ,2016-02-22,118.35,123.00,123.30,118.05,123.30,121.95,121.47,2717,3.30,136,1535,56.50
KIRLOSBROS,EQ,2016-02-23,121.95,121.00,123.05,120.00,120.75,120.75,121.60,1248,1.52,82,846,67.79
KIRLOSBROS,EQ,2016-02-24,120.75,120.50,120.50,118.05,119.95,119.95,119.40,2332,2.78,73,2262,97.00
KIRLOSBROS,EQ,2016-02-25,119.95,117.55,119.80,115.80,117.50,117.05,117.21,3790,4.44,119,2587,68.26
KIRLOSBROS,EQ,2016-02-26,117.05,117.00,119.75,116.50,118.00,118.05,117.15,4719,5.53,83,3002,63.62
KIRLOSBROS,EQ,2016-02-29,118.05,119.00,123.30,116.55,118.95,118.10,118.95,12787,15.21,200,11125,87.00
KIRLOSBROS,EQ,2016-03-01,118.10,119.50,119.60,118.00,119.00,118.50,118.96,5508,6.55,63,5291,96.06
KIRLOSBROS,EQ,2016-03-02,118.50,118.10,125.00,118.10,118.55,118.95,120.18,25389,30.51,261,22466,88.49
KIRLOSBROS,EQ,2016-03-03,118.95,119.90,122.95,117.25,119.55,120.20,119.24,27331,32.59,282,23121,84.60
KIRLOSBROS,EQ,2016-03-04,120.20,119.10,119.80,117.55,118.10,118.50,118.84,10011,11.90,154,7119,71.11
KIRLOSBROS,EQ,2016-03-08,118.50,120.00,120.25,118.55,118.55,119.00,119.47,14485,17.31,172,12662,87.41
KIRLOSBROS,EQ,2016-03-09,119.00,119.05,119.60,118.20,118.50,118.95,118.95,2811,3.34,60,2428,86.37
KIRLOSBROS,EQ,2016-03-10,118.95,121.95,121.95,118.00,119.00,118.25,118.78,8900,10.57,115,6920,77.75
KIRLOSBROS,EQ,2016-03-11,118.25,118.25,119.25,116.10,117.00,117.05,117.99,13723,16.19,216,12415,90.47
KIRLOSBROS,EQ,2016-03-14,117.05,116.55,119.60,116.55,118.00,117.50,117.82,8553,10.08,111,7248,84.74
KIRLOSBROS,EQ,2016-03-15,117.50,117.50,121.45,117.50,118.00,118.00,118.27,12169,14.39,141,10492,86.22
KIRLOSBROS,EQ,2016-03-16,118.00,118.00,118.10,116.10,118.00,117.35,117.35,6683,7.84,85,5425,81.18
KIRLOSBROS,EQ,2016-03-17,117.35,116.70,119.00,116.70,118.00,117.95,117.99,4077,4.81,47,4047,99.26
KIRLOSBROS,EQ,2016-03-18,117.95,117.40,117.70,116.30,116.60,116.85,117.18,9931,11.64,111,9316,93.81
KIRLOSBROS,EQ,2016-03-21,116.85,116.30,120.80,116.30,117.70,118.10,119.02,17597,20.94,269,15453,87.82
KIRLOSBROS,EQ,2016-03-22,118.10,118.60,119.40,118.00,119.40,118.90,118.87,28322,33.67,112,27989,98.82
KIRLOSBROS,EQ,2016-03-23,118.90,118.05,119.10,117.65,118.80,118.35,118.83,36518,43.40,214,34843,95.41
KIRLOSBROS,EQ,2016-03-28,118.35,118.60,118.70,116.10,116.50,116.20,117.02,8228,9.63,101,6151,74.76
KIRLOSBROS,EQ,2016-03-29,116.20,118.30,118.30,113.00,114.35,115.25,115.50,20086,23.20,198,17299,86.12
KIRLOSBROS,EQ,2016-03-30,115.25,115.90,117.70,114.60,116.80,116.25,115.92,9817,11.38,168,6727,68.52
KIRLOSBROS,EQ,2016-03-31,116.25,116.30,118.95,114.00,115.10,115.40,117.01,52285,61.18,186,49357,94.40
KIRLOSBROS,EQ,2016-04-01,115.40,116.30,118.25,116.00,117.00,116.55,116.94,8374,9.79,132,7237,86.42
KIRLOSBROS,EQ,2016-04-04,116.55,117.60,119.00,117.50,117.60,118.00,118.20,16860,19.93,89,15628,92.69
KIRLOSBROS,EQ,2016-04-05,118.00,118.20,120.00,115.00,117.00,116.55,116.03,796736,924.43,661,683622,85.80
KIRLOSBROS,EQ,2016-04-06,116.55,120.95,133.80,120.95,123.30,123.95,126.03,286087,360.55,2564,218949,76.53
KIRLOSBROS,EQ,2016-04-07,123.95,125.00,139.40,122.00,131.00,130.95,129.54,3374096,4370.66,19317,1528624,45.30
KIRLOSBROS,EQ,2016-04-08,130.95,131.15,137.25,131.05,136.00,136.25,134.77,328912,443.26,3435,142226,43.24
KIRLOSBROS,EQ,2016-04-11,136.25,135.00,136.00,130.65,133.60,133.15,133.63,144242,192.75,1542,104576,72.50
KIRLOSBROS,EQ,2016-04-12,133.15,134.75,137.25,132.40,134.05,134.45,135.23,141706,191.63,1544,82443,58.18
KIRLOSBROS,EQ,2016-04-13,134.45,136.45,136.90,133.20,134.90,134.05,134.66,87670,118.06,800,68374,77.99
KIRLOSBROS,EQ,2016-04-18,134.05,133.10,136.40,133.00,133.40,134.05,134.74,78301,105.51,748,60713,77.54
KIRLOSBROS,EQ,2016-04-20,134.05,135.90,135.95,133.75,134.25,134.30,134.65,84330,113.55,643,70757,83.90
KIRLOSBROS,EQ,2016-04-21,134.30,135.70,135.75,132.30,133.50,132.85,134.74,57866,77.97,437,46897,81.04
KIRLOSBROS,EQ,2016-04-22,132.85,131.75,135.80,131.50,135.10,135.00,134.27,66009,88.63,644,48130,72.91
KIRLOSBROS,EQ,2016-04-25,135.00,135.00,135.00,132.60,132.65,133.20,134.26,87906,118.03,468,62159,70.71
KIRLOSBROS,EQ,2016-04-26,133.20,132.50,134.80,131.60,134.40,134.35,133.37,136349,181.85,886,100844,73.96
KIRLOSBROS,EQ,2016-04-27,134.35,134.00,134.00,131.60,133.00,133.60,133.29,40381,53.82,615,27272,67.54
KIRLOSBROS,EQ,2016-04-28,133.60,132.50,134.60,131.00,131.50,131.35,132.84,41476,55.10,693,32796,79.07
KIRLOSBROS,EQ,2016-04-29,131.35,131.95,132.80,127.70,127.70,128.25,129.32,90448,116.97,735,73480,81.24
KIRLOSBROS,EQ,2016-05-02,128.25,130.95,130.95,128.40,130.00,130.25,129.62,42699,55.35,516,32478,76.06
KIRLOSBROS,EQ,2016-05-03,130.25,130.00,132.75,128.75,129.50,129.25,130.64,36972,48.30,441,25620,69.30
KIRLOSBROS,EQ,2016-05-04,129.25,128.60,132.00,127.00,127.00,127.35,129.11,20107,25.96,398,11099,55.20
KIRLOSBROS,EQ,2016-05-05,127.35,127.10,132.10,127.10,130.40,130.70,130.27,34869,45.42,371,29649,85.03
KIRLOSBROS,EQ,2016-05-06,130.70,129.15,131.50,126.80,126.80,127.10,128.31,32330,41.48,502,25863,80.00
KIRLOSBROS,EQ,2016-05-09,127.10,129.00,133.00,127.20,129.00,129.50,130.27,43474,56.63,488,30827,70.91
KIRLOSBROS,EQ,2016-05-10,129.50,130.50,135.45,130.50,134.35,133.00,133.87,113144,151.47,1220,79759,70.49
KIRLOSBROS,EQ,2016-05-11,133.00,129.90,130.50,125.00,126.35,126.30,127.58,129738,165.52,1124,84200,64.90
KIRLOSBROS,EQ,2016-05-12,126.30,128.20,140.80,127.00,135.50,134.50,134.14,513960,689.40,3986,337602,65.69
KIRLOSBROS,EQ,2016-05-13,134.50,133.95,136.35,131.70,133.50,132.55,133.94,67472,90.38,1362,35702,52.91
KIRLOSBROS,EQ,2016-05-16,132.55,133.00,138.40,132.00,134.90,134.95,134.86,92626,124.92,1132,53146,57.38
KIRLOSBROS,EQ,2016-05-17,134.95,134.95,135.90,131.50,132.10,132.50,133.74,63735,85.24,655,44024,69.07
KIRLOSBROS,EQ,2016-05-18,132.50,132.00,136.70,130.90,132.35,133.40,133.69,178098,238.10,1945,99461,55.85
KIRLOSBROS,EQ,2016-05-19,133.40,134.20,134.70,128.00,129.00,129.90,130.70,64473,84.26,1068,46575,72.24
KIRLOSBROS,EQ,2016-05-20,129.90,132.00,132.00,126.50,126.60,127.45,128.98,21801,28.12,376,16914,77.58
KIRLOSBROS,EQ,2016-05-23,127.45,128.05,129.65,125.50,126.90,126.70,128.55,24074,30.95,386,16683,69.30
KIRLOSBROS,EQ,2016-05-24,126.70,128.65,130.90,125.10,127.00,127.40,129.17,88116,113.82,637,47914,54.38
KIRLOSBROS,EQ,2016-05-25,127.40,127.50,129.45,127.30,128.00,127.90,128.38,13410,17.22,323,7563,56.40
KIRLOSBROS,EQ,2016-05-26,127.90,127.65,129.90,127.25,127.25,128.00,128.81,26911,34.66,270,24511,91.08
KIRLOSBROS,EQ,2016-05-27,128.00,129.45,129.70,126.60,127.20,127.40,127.65,20045,25.59,266,14470,72.19
KIRLOSBROS,EQ,2016-05-30,127.40,129.50,129.80,124.55,125.00,125.05,126.35,25154,31.78,454,20400,81.10
KIRLOSBROS,EQ,2016-05-31,125.05,127.95,128.70,121.50,122.65,123.00,123.51,38743,47.85,705,28248,72.91
KIRLOSBROS,EQ,2016-06-01,123.00,124.85,125.00,121.95,124.25,124.25,123.47,28974,35.77,361,22910,79.07
KIRLOSBROS,EQ,2016-06-02,124.25,122.60,124.25,122.60,123.80,123.25,123.47,14476,17.87,229,10849,74.94
KIRLOSBROS,EQ,2016-06-03,123.25,123.00,124.50,122.05,123.00,123.15,123.55,39698,49.05,264,29783,75.02
KIRLOSBROS,EQ,2016-06-06,123.15,124.75,124.75,120.00,121.65,121.80,122.00,47483,57.93,514,34426,72.50
KIRLOSBROS,EQ,2016-06-07,121.80,121.80,123.75,120.10,121.75,121.25,121.86,90763,110.60,667,50562,55.71
KIRLOSBROS,EQ,2016-06-08,121.25,121.50,124.60,118.80,119.40,119.40,120.01,85592,102.72,1329,53362,62.34
KIRLOSBROS,EQ,2016-06-09,119.40,119.40,121.75,118.00,119.40,119.75,120.05,22384,26.87,365,16812,75.11
KIRLOSBROS,EQ,2016-06-10,119.75,119.70,123.85,118.90,120.00,119.70,120.63,47753,57.60,442,26701,55.91
KIRLOSBROS,EQ,2016-06-13,119.70,120.00,122.90,118.55,121.10,121.10,121.50,200288,243.35,600,126571,63.19
KIRLOSBROS,EQ,2016-06-14,121.10,121.00,126.90,121.00,126.00,125.95,125.53,70639,88.67,871,52532,74.37
KIRLOSBROS,EQ,2016-06-15,125.95,126.00,130.90,124.00,130.00,130.10,129.62,124638,161.55,1135,92545,74.25
KIRLOSBROS,EQ,2016-06-16,130.10,129.00,133.45,124.50,132.50,132.50,130.62,113888,148.76,1243,63535,55.79
KIRLOSBROS,EQ,2016-06-17,132.50,134.00,134.80,127.60,129.00,129.10,131.06,102404,134.21,1189,69615,67.98
KIRLOSBROS,EQ,2016-06-20,129.10,131.85,133.00,125.20,129.50,130.80,130.55,55919,73.00,891,39178,70.06
KIRLOSBROS,EQ,2016-06-21,130.80,131.55,132.40,128.70,129.10,129.90,130.33,19684,25.65,303,14502,73.67
KIRLOSBROS,EQ,2016-06-22,129.90,129.00,131.85,127.15,128.00,128.05,129.41,33020,42.73,365,24951,75.56
KIRLOSBROS,EQ,2016-06-23,128.05,127.50,129.10,124.60,126.00,125.70,126.55,34990,44.28,566,20651,59.02
KIRLOSBROS,EQ,2016-06-24,125.70,121.25,128.00,116.95,126.20,126.75,122.43,66117,80.95,946,38744,58.60
KIRLOSBROS,EQ,2016-06-27,126.75,124.60,128.35,124.60,128.00,127.20,126.53,34135,43.19,628,19946,58.43
KIRLOSBROS,EQ,2016-06-28,127.20,132.75,132.75,123.55,124.95,124.80,126.15,60418,76.22,831,44493,73.64
KIRLOSBROS,EQ,2016-06-29,124.80,125.10,127.90,125.00,127.00,126.45,126.77,18915,23.98,290,16245,85.88
KIRLOSBROS,EQ,2016-06-30,126.45,128.10,128.10,125.00,125.30,125.30,126.69,43464,55.07,577,37238,85.68
KIRLOSBROS,EQ,2016-07-01,125.30,127.00,127.80,125.50,126.00,125.95,126.60,58745,74.37,523,45252,77.03
KIRLOSBROS,EQ,2016-07-04,125.95,127.00,127.50,125.20,125.75,125.85,126.58,64262,81.34,519,51907,80.77
KIRLOSBROS,EQ,2016-07-05,125.85,126.00,126.85,124.00,126.80,125.35,124.98,183971,229.93,823,136786,74.35
KIRLOSBROS,EQ,2016-07-07,125.35,127.50,137.80,125.25,136.50,135.40,131.41,293614,385.84,2282,195292,66.51
KIRLOSBROS,EQ,2016-07-08,135.40,135.45,153.90,135.00,147.00,146.90,145.53,1008500,1467.62,10161,390023,38.67
KIRLOSBROS,EQ,2016-07-11,146.90,149.00,151.90,145.00,150.05,150.30,148.81,284890,423.93,3325,124333,43.64
KIRLOSBROS,EQ,2016-07-12,150.30,151.70,152.45,143.70,145.75,145.40,146.95,144672,212.60,1649,76557,52.92
KIRLOSBROS,EQ,2016-07-13,145.40,145.00,148.90,141.05,143.00,141.50,144.13,96976,139.77,1716,59094,60.94
KIRLOSBROS,EQ,2016-07-14,141.50,142.80,146.50,136.80,143.45,142.80,143.66,72558,104.24,1036,38457,53.00
KIRLOSBROS,EQ,2016-07-15,142.80,140.10,144.00,138.50,138.50,139.95,141.17,49551,69.95,861,35129,70.89
KIRLOSBROS,EQ,2016-07-18,139.95,139.10,145.00,138.50,141.60,142.05,143.04,74626,106.74,1235,45603,61.11
KIRLOSBROS,EQ,2016-07-19,142.05,142.90,154.70,142.90,149.00,147.55,148.46,160898,238.87,2385,85630,53.22
KIRLOSBROS,EQ,2016-07-20,147.55,147.95,153.00,144.05,149.20,150.75,150.43,116326,174.99,1988,64489,55.44
KIRLOSBROS,EQ,2016-07-21,150.75,151.00,151.90,136.15,139.05,138.80,141.13,379764,535.95,4887,150547,39.64
KIRLOSBROS,EQ,2016-07-22,138.80,130.05,143.00,130.05,140.00,140.90,138.70,177315,245.94,2446,91333,51.51
KIRLOSBROS,EQ,2016-07-25,140.90,141.25,142.00,139.05,140.00,140.00,140.06,729651,1021.98,994,714618,97.94
KIRLOSBROS,EQ,2016-07-26,140.00,139.50,155.00,138.00,146.60,146.35,146.85,1162386,1706.98,9368,230126,19.80
KIRLOSBROS,EQ,2016-07-27,146.35,146.00,151.80,145.10,146.50,146.70,147.71,187129,276.40,2319,111752,59.72
KIRLOSBROS,EQ,2016-07-28,146.70,147.25,151.00,147.00,148.00,148.10,149.06,107291,159.93,1731,52258,48.71
KIRLOSBROS,EQ,2016-07-29,148.10,148.85,159.80,145.00,155.65,155.15,155.18,444672,690.06,5023,182321,41.00
KIRLOSBROS,EQ,2016-08-01,155.15,155.15,156.70,148.00,152.30,151.25,151.83,115228,174.95,1873,67882,58.91
KIRLOSBROS,EQ,2016-08-02,151.25,151.25,155.00,145.10,146.00,146.10,150.52,129608,195.09,1668,76164,58.76
KIRLOSBROS,EQ,2016-08-03,146.10,146.00,147.00,143.00,143.50,144.75,144.65,65372,94.56,752,40712,62.28
KIRLOSBROS,EQ,2016-08-04,144.75,143.25,149.00,143.25,145.00,144.85,145.82,48239,70.34,750,27463,56.93
KIRLOSBROS,EQ,2016-08-05,144.85,145.50,148.00,145.00,145.90,145.80,146.60,51381,75.32,665,29821,58.04
KIRLOSBROS,EQ,2016-08-08,145.80,145.30,156.40,145.25,155.00,153.25,152.68,197948,302.23,1975,124306,62.80
KIRLOSBROS,EQ,2016-08-09,153.25,152.95,153.05,149.10,150.15,150.40,150.50,38263,57.59,540,19679,51.43
KIRLOSBROS,EQ,2016-08-10,150.40,150.15,152.70,145.00,148.00,147.90,147.26,52881,77.87,763,30623,57.91
KIRLOSBROS,EQ,2016-08-11,147.90,147.85,154.00,146.55,149.25,149.00,150.34,97982,147.31,1128,45246,46.18
KIRLOSBROS,EQ,2016-08-12,149.00,150.00,153.25,148.25,149.00,149.55,151.19,47264,71.46,648,28516,60.33
KIRLOSBROS,EQ,2016-08-16,149.55,150.95,150.95,146.50,146.50,147.25,148.05,27914,41.33,588,16204,58.05
KIRLOSBROS,EQ,2016-08-17,147.25,149.75,150.00,146.70,148.50,149.30,148.60,21041,31.27,446,13718,65.20
KIRLOSBROS,EQ,2016-08-18,149.30,149.45,153.50,148.15,148.80,149.45,150.91,52303,78.93,803,33887,64.79
KIRLOSBROS,EQ,2016-08-19,149.45,152.40,153.00,148.50,149.40,149.95,150.36,40862,61.44,426,29852,73.06
KIRLOSBROS,EQ,2016-08-22,149.95,149.15,151.25,146.70,147.85,147.35,148.01,28870,42.73,457,23967,83.02
KIRLOSBROS,EQ,2016-08-23,147.35,146.50,157.70,146.20,155.50,155.25,153.11,134659,206.18,2040,83194,61.78
KIRLOSBROS,EQ,2016-08-24,155.25,156.30,169.95,153.00,162.50,162.45,164.69,710513,1170.16,9154,229724,32.33
KIRLOSBROS,EQ,2016-08-25,162.45,163.30,166.40,160.30,162.40,163.15,163.43,129020,210.85,2278,56490,43.78
KIRLOSBROS,EQ,2016-08-26,163.15,163.95,165.40,157.10,159.00,159.30,160.67,98703,158.59,2020,52566,53.26
KIRLOSBROS,EQ,2016-08-29,159.30,160.70,160.70,156.10,157.15,157.15,157.42,46391,73.03,1037,30582,65.92
KIRLOSBROS,EQ,2016-08-30,157.15,158.25,164.90,157.05,163.55,163.35,162.23,139359,226.08,1619,88397,63.43
KIRLOSBROS,EQ,2016-08-31,163.35,163.30,165.00,160.30,160.55,161.25,162.62,56377,91.68,653,40300,71.48
KIRLOSBROS,EQ,2016-09-01,161.25,160.35,167.70,159.10,164.90,163.70,163.99,132400,217.13,1698,82355,62.20
KIRLOSBROS,EQ,2016-09-02,163.70,164.45,171.25,163.45,166.45,166.10,167.81,198875,333.72,3301,65367,32.87
KIRLOSBROS,EQ,2016-09-06,166.10,167.65,167.65,163.00,166.65,165.65,165.60,52563,87.04,906,31545,60.01
KIRLOSBROS,EQ,2016-09-07,165.65,165.95,167.15,162.10,163.00,163.35,164.39,39811,65.44,512,25788,64.78
KIRLOSBROS,EQ,2016-09-08,163.35,163.70,168.00,162.30,166.00,165.60,165.69,44980,74.53,735,24775,55.08
KIRLOSBROS,EQ,2016-09-09,165.60,165.25,165.25,161.60,163.60,163.85,163.69,27862,45.61,383,19238,69.05
KIRLOSBROS,EQ,2016-09-12,163.85,161.75,161.75,155.35,156.30,156.90,158.10,36865,58.28,1023,27129,73.59
KIRLOSBROS,EQ,2016-09-14,156.90,158.00,160.60,155.40,159.40,158.50,158.19,32580,51.54,763,19366,59.44
KIRLOSBROS,EQ,2016-09-15,158.50,159.30,159.35,155.60,156.80,156.50,156.99,27484,43.15,384,19077,69.41
KIRLOSBROS,EQ,2016-09-16,156.50,156.60,159.95,154.30,155.50,155.20,157.23,48744,76.64,532,34599,70.98
KIRLOSBROS,EQ,2016-09-19,155.20,156.25,156.65,152.30,153.95,153.30,153.75,38212,58.75,699,26563,69.51
KIRLOSBROS,EQ,2016-09-20,153.30,154.55,156.10,151.50,152.75,152.35,153.81,58204,89.52,892,39205,67.36
KIRLOSBROS,EQ,2016-09-21,152.35,153.45,164.00,153.45,162.00,162.45,159.97,164354,262.92,2489,96340,58.62
KIRLOSBROS,EQ,2016-09-22,162.45,165.00,181.50,165.00,177.35,178.05,175.01,877173,1535.12,10992,277955,31.69
KIRLOSBROS,EQ,2016-09-23,178.05,178.65,179.40,172.10,172.40,173.05,175.11,155600,272.47,3405,80813,51.94
KIRLOSBROS,EQ,2016-09-26,173.05,174.90,178.90,168.85,169.60,169.90,174.29,146204,254.82,1577,111987,76.60
KIRLOSBROS,EQ,2016-09-27,169.90,170.00,175.25,170.00,172.50,172.05,172.66,100342,173.25,1353,59024,58.82
KIRLOSBROS,EQ,2016-09-28,172.05,172.05,174.95,171.50,174.95,173.80,173.92,68572,119.26,757,45165,65.87
KIRLOSBROS,EQ,2016-09-29,173.80,171.50,175.00,156.50,158.85,158.30,162.23,141085,228.88,3627,83860,59.44
KIRLOSBROS,EQ,2016-09-30,158.30,158.30,165.40,155.00,164.65,163.55,160.58,80653,129.52,1738,45058,55.87
KIRLOSBROS,EQ,2016-10-03,163.55,164.65,169.90,163.00,166.00,166.75,166.56,104103,173.39,1100,76280,73.27
KIRLOSBROS,EQ,2016-10-04,166.75,167.05,169.50,164.30,168.00,168.15,167.12,59262,99.04,998,37334,63.00
KIRLOSBROS,EQ,2016-10-05,168.15,168.10,172.50,165.95,169.95,169.60,169.56,78600,133.28,1403,46804,59.55
KIRLOSBROS,EQ,2016-10-06,169.60,173.50,182.70,170.95,179.50,179.05,178.06,348358,620.30,3204,208799,59.94
KIRLOSBROS,EQ,2016-10-07,179.05,179.55,184.85,178.00,183.60,182.75,182.37,141161,257.43,1928,72304,51.22
KIRLOSBROS,EQ,2016-10-10,182.75,183.45,183.80,179.00,181.95,181.05,180.96,75290,136.24,1273,55475,73.68
KIRLOSBROS,EQ,2016-10-13,181.05,181.00,182.50,167.65,173.50,172.65,174.10,127032,221.17,1371,83998,66.12
KIRLOSBROS,EQ,2016-10-14,172.65,174.05,178.85,172.00,172.60,174.20,174.24,68571,119.48,824,50894,74.22
KIRLOSBROS,EQ,2016-10-17,174.20,173.55,178.55,172.00,177.00,177.40,174.98,121100,211.90,1584,78096,64.49
KIRLOSBROS,EQ,2016-10-18,177.40,177.95,185.00,175.20,178.00,177.35,179.91,169231,304.47,1921,103305,61.04
KIRLOSBROS,EQ,2016-10-19,177.35,179.35,180.90,174.95,175.20,175.55,177.16,60933,107.95,720,41411,67.96
KIRLOSBROS,EQ,2016-10-20,175.55,175.00,179.60,175.00,176.50,176.50,177.34,29244,51.86,612,17947,61.37
KIRLOSBROS,EQ,2016-10-21,176.50,177.65,177.70,174.50,176.00,175.35,175.52,29142,51.15,701,19634,67.37
KIRLOSBROS,EQ,2016-10-24,175.35,175.70,177.00,173.10,174.00,173.95,175.27,22684,39.76,609,13960,61.54
KIRLOSBROS,EQ,2016-10-25,173.95,175.95,177.80,173.55,175.00,174.65,175.54,31912,56.02,600,19867,62.26
KIRLOSBROS,EQ,2016-10-26,174.65,173.95,198.00,172.35,190.00,189.45,189.91,1514415,2876.06,18126,246711,16.29
KIRLOSBROS,EQ,2016-10-27,189.45,194.70,197.70,186.10,190.00,189.45,191.84,276517,530.48,4367,96820,35.01
KIRLOSBROS,EQ,2016-10-28,189.45,190.95,193.20,186.65,188.50,189.05,189.65,97338,184.61,1865,41168,42.29
KIRLOSBROS,EQ,2016-10-30,189.05,189.00,193.35,186.95,188.15,189.95,190.74,58049,110.72,797,41806,72.02
KIRLOSBROS,EQ,2016-11-01,189.95,191.25,192.50,181.05,183.85,183.45,187.35,60042,112.49,1460,32904,54.80
KIRLOSBROS,EQ,2016-11-02,183.45,182.50,185.75,176.25,177.50,177.50,180.21,83237,150.00,1947,45607,54.79
KIRLOSBROS,EQ,2016-11-03,177.50,179.80,181.10,172.60,174.05,174.50,177.24,35112,62.23,1076,16744,47.69
KIRLOSBROS,EQ,2016-11-04,174.50,173.00,177.00,161.20,171.50,171.80,168.57,96054,161.92,1802,44501,46.33
KIRLOSBROS,EQ,2016-11-07,171.80,173.95,175.90,169.50,171.50,170.75,172.72,36649,63.30,1003,20323,55.45
KIRLOSBROS,EQ,2016-11-08,170.75,171.95,173.65,168.00,171.00,170.50,170.97,31864,54.48,1243,17297,54.28
KIRLOSBROS,EQ,2016-11-09,170.50,162.50,168.40,138.35,162.00,161.15,157.64,108206,170.57,2836,58437,54.01
KIRLOSBROS,EQ,2016-11-10,161.15,169.00,169.80,163.30,166.00,165.85,167.44,37768,63.24,956,17999,47.66
KIRLOSBROS,EQ,2016-11-11,165.85,165.00,165.00,154.40,157.30,156.10,157.80,44959,70.95,1370,28280,62.90
KIRLOSBROS,EQ,2016-11-15,156.10,153.05,153.05,143.35,148.00,146.25,146.53,68774,100.77,2316,38785,56.39
KIRLOSBROS,EQ,2016-11-16,146.25,150.00,154.10,142.50,147.00,147.85,151.03,113729,171.76,1454,100577,88.44
KIRLOSBROS,EQ,2016-11-17,147.85,145.05,152.50,143.30,152.50,150.00,149.66,27892,41.74,925,19641,70.42
KIRLOSBROS,EQ,2016-11-18,150.00,150.45,154.00,145.00,150.00,150.85,148.94,47655,70.98,1119,26483,55.57
KIRLOSBROS,EQ,2016-11-21,150.85,150.15,152.60,143.00,145.00,144.70,145.89,37380,54.53,876,27273,72.96
KIRLOSBROS,EQ,2016-11-22,144.70,146.05,154.90,143.20,152.00,150.00,147.03,20869,30.68,847,11196,53.65
KIRLOSBROS,EQ,2016-11-23,150.00,149.40,154.90,146.10,153.70,153.70,152.06,19974,30.37,847,9045,45.28
KIRLOSBROS,EQ,2016-11-24,153.70,152.05,153.00,146.10,148.50,148.05,148.82,43450,64.66,937,28785,66.25
KIRLOSBROS,EQ,2016-11-25,148.05,149.05,166.00,148.30,162.90,160.05,157.17,119100,187.19,1793,69177,58.08
KIRLOSBROS,EQ,2016-11-28,160.05,160.05,180.40,160.05,171.60,171.40,174.65,328655,573.99,5941,117535,35.76
KIRLOSBROS,EQ,2016-11-29,171.40,171.00,173.95,167.00,168.65,169.50,170.70,45166,77.10,1365,18508,40.98
KIRLOSBROS,EQ,2016-11-30,169.50,169.00,174.50,169.00,172.95,172.65,172.95,26621,46.04,670,14631,54.96
KIRLOSBROS,EQ,2016-12-01,172.65,174.00,174.15,164.40,168.00,166.20,168.95,30994,52.37,842,13443,43.37
KIRLOSBROS,EQ,2016-12-02,166.20,166.15,168.45,160.00,163.70,163.45,163.32,40815,66.66,1419,-,-
KIRLOSBROS,EQ,2016-12-02,166.20,166.15,168.45,160.00,163.70,163.45,163.32,40815,66.66,1419,19326,47.35
KIRLOSBROS,EQ,2016-12-05,163.45,161.50,165.00,159.90,161.50,161.80,161.87,31405,50.84,1070,17976,57.24
KIRLOSBROS,EQ,2016-12-06,161.80,161.15,170.00,161.15,165.00,165.10,165.87,25000,41.47,766,11618,46.47
KIRLOSBROS,EQ,2016-12-07,165.10,165.10,168.00,161.05,161.50,162.05,165.41,22370,37.00,700,11889,53.15
KIRLOSBROS,EQ,2016-12-08,162.05,163.05,170.30,162.55,168.30,168.85,167.01,44184,73.79,947,28382,64.24
KIRLOSBROS,EQ,2016-12-09,168.85,170.00,172.90,166.15,172.00,170.75,170.16,30025,51.09,849,14827,49.38
KIRLOSBROS,EQ,2016-12-12,170.75,169.95,170.00,163.45,166.00,164.70,166.24,23463,39.00,516,15215,64.85
KIRLOSBROS,EQ,2016-12-13,164.70,164.70,170.90,163.80,167.65,169.10,168.38,30398,51.19,1016,15135,49.79
KIRLOSBROS,EQ,2016-12-14,169.10,169.10,170.85,165.50,166.10,166.50,168.42,17584,29.61,313,11403,64.85
KIRLOSBROS,EQ,2016-12-15,166.50,163.50,170.00,163.50,164.50,164.95,165.82,28772,47.71,516,21435,74.50
KIRLOSBROS,EQ,2016-12-16,164.95,163.60,174.70,163.60,172.00,171.10,171.28,95264,163.17,1907,63179,66.32
KIRLOSBROS,EQ,2016-12-19,171.10,170.45,172.75,167.25,168.50,169.55,169.98,34101,57.96,556,25145,73.74
KIRLOSBROS,EQ,2016-12-20,169.55,168.00,172.85,165.25,168.00,167.85,168.09,25856,43.46,381,15601,60.34
KIRLOSBROS,EQ,2016-12-21,167.85,169.75,171.00,168.00,169.50,168.40,169.81,9135,15.51,342,3402,37.24
KIRLOSBROS,EQ,2016-12-22,168.40,169.45,169.45,163.05,167.95,167.75,166.99,22202,37.08,683,14565,65.60
KIRLOSBROS,EQ,2016-12-23,167.75,165.80,170.95,165.05,166.55,166.70,168.18,7217,12.14,185,2506,34.72
KIRLOSBROS,EQ,2016-12-26,166.70,165.05,165.20,157.55,158.70,159.70,161.20,25803,41.59,903,15539,60.22
KIRLOSBROS,EQ,2016-12-27,159.70,158.05,164.40,158.00,162.50,162.95,162.26,13882,22.53,511,8027,57.82
KIRLOSBROS,EQ,2016-12-28,162.95,162.90,165.05,161.60,163.00,162.65,163.78,9224,15.11,276,5647,61.22
KIRLOSBROS,EQ,2016-12-29,162.65,164.30,167.45,161.30,164.05,164.90,164.49,22494,37.00,652,13799,61.35
KIRLOSBROS,EQ,2016-12-30,164.90,164.50,169.05,164.00,165.50,165.90,166.52,11042,18.39,315,8650,78.34
KIRLOSBROS,EQ,2017-01-02,165.90,166.40,168.00,164.00,168.00,166.75,166.51,10216,17.01,338,5381,52.67
KIRLOSBROS,EQ,2017-01-03,166.75,169.00,180.00,165.70,173.55,175.30,176.35,100564,177.35,2040,60610,60.27
KIRLOSBROS,EQ,2017-01-04,175.30,173.00,185.55,173.00,184.00,183.90,182.29,191017,348.20,2671,112690,58.99
KIRLOSBROS,EQ,2017-01-05,183.90,185.45,185.45,180.25,181.85,181.00,182.20,54314,98.96,1619,31097,57.25
KIRLOSBROS,EQ,2017-01-06,181.00,180.60,181.95,178.00,178.00,178.75,179.16,20510,36.75,789,11959,58.31
KIRLOSBROS,EQ,2017-01-09,178.75,178.00,179.95,176.15,178.00,178.40,178.06,11888,21.17,550,5697,47.92
KIRLOSBROS,EQ,2017-01-10,178.40,178.00,194.45,178.00,193.60,192.90,190.08,295201,561.13,4849,155442,52.66
KIRLOSBROS,EQ,2017-01-11,192.90,194.90,205.50,194.50,202.15,203.95,201.17,387260,779.05,5879,186065,48.05
KIRLOSBROS,EQ,2017-01-12,203.95,203.00,207.40,190.60,192.25,193.50,197.43,194938,384.87,3550,96458,49.48
KIRLOSBROS,EQ,2017-01-13,193.50,194.35,201.00,191.00,199.00,199.50,197.25,106567,210.20,1943,54822,51.44
KIRLOSBROS,EQ,2017-01-16,199.50,197.65,206.00,195.60,201.00,199.90,201.68,133711,269.67,2197,76076,56.90
KIRLOSBROS,EQ,2017-01-17,199.90,201.85,202.70,195.65,197.50,197.85,198.06,47715,94.51,711,39446,82.67
KIRLOSBROS,EQ,2017-01-18,197.85,199.75,203.50,196.50,200.80,200.00,199.68,49904,99.65,1263,34692,69.52
KIRLOSBROS,EQ,2017-01-19,200.00,199.95,210.50,198.15,208.50,207.90,206.66,294433,608.48,5268,170524,57.92
KIRLOSBROS,EQ,2017-01-20,207.90,206.95,215.85,202.05,203.00,204.10,209.87,166387,349.19,2963,89839,53.99
KIRLOSBROS,EQ,2017-01-23,204.10,205.25,211.00,203.60,207.00,207.95,207.79,58125,120.78,2372,35994,61.93
KIRLOSBROS,EQ,2017-01-24,207.95,208.95,218.45,206.95,212.80,212.45,213.93,384496,822.56,8176,150770,39.21
KIRLOSBROS,EQ,2017-01-25,212.45,214.30,214.60,205.10,206.05,206.75,208.36,63240,131.77,1386,34808,55.04
KIRLOSBROS,EQ,2017-01-27,206.75,209.40,219.00,197.40,199.00,201.10,206.50,381842,788.49,7717,131205,34.36
KIRLOSBROS,EQ,2017-01-30,201.10,206.70,217.00,201.20,209.65,210.00,210.23,384221,807.73,5485,200553,52.20
KIRLOSBROS,EQ,2017-01-31,210.00,207.00,231.75,207.00,227.00,224.20,224.98,874328,1967.06,14940,328545,37.58
KIRLOSBROS,EQ,2017-02-01,224.20,225.05,231.50,219.30,229.30,229.50,227.94,297229,677.50,6293,145654,49.00
KIRLOSBROS,EQ,2017-02-02,229.50,226.35,239.40,226.35,236.00,235.75,235.28,308446,725.71,4395,175665,56.95
KIRLOSBROS,EQ,2017-02-03,235.75,236.90,241.45,235.15,238.75,238.35,238.55,172610,411.76,3154,118688,68.76
KIRLOSBROS,EQ,2017-02-06,238.35,239.80,249.00,237.30,241.10,241.55,243.46,235021,572.17,4030,143213,60.94
KIRLOSBROS,EQ,2017-02-07,241.55,242.50,247.00,229.25,233.20,233.10,238.64,146664,350.00,3451,79616,54.28
KIRLOSBROS,EQ,2017-02-08,233.10,233.90,233.90,225.40,229.50,228.75,229.27,53731,123.19,1159,27703,51.56
KIRLOSBROS,EQ,2017-02-09,228.75,226.75,236.65,226.75,236.60,235.40,232.36,102005,237.02,1362,62838,61.60
KIRLOSBROS,EQ,2017-02-10,235.40,235.40,239.00,233.65,237.15,237.90,237.04,52572,124.62,1227,37875,72.04
KIRLOSBROS,EQ,2017-02-13,237.90,239.95,240.30,226.75,226.75,227.25,231.82,30068,69.70,865,20390,67.81
KIRLOSBROS,EQ,2017-02-14,227.25,230.85,233.90,223.00,224.50,224.75,228.27,33429,76.31,934,18248,54.59
KIRLOSBROS,EQ,2017-02-15,224.75,233.65,233.70,210.90,213.00,212.75,217.15,63792,138.52,1392,34792,54.54
KIRLOSBROS,EQ,2017-02-16,212.75,213.00,232.50,213.00,225.85,225.55,227.73,244237,556.20,5272,105254,43.10
KIRLOSBROS,EQ,2017-02-17,225.55,225.10,233.50,219.65,223.00,222.45,227.46,55699,126.70,1182,30273,54.35
KIRLOSBROS,EQ,2017-02-20,222.45,223.85,225.90,218.70,225.90,224.65,223.07,43785,97.67,674,29473,67.31
KIRLOSBROS,EQ,2017-02-21,224.65,223.10,239.95,223.05,237.00,238.40,235.79,162481,383.11,3020,69130,42.55
KIRLOSBROS,EQ,2017-02-22,238.40,239.50,240.90,228.35,234.25,235.50,234.51,54971,128.91,1117,34255,62.31
