Symbol,Series,Date,Prev Close,Open Price,High Price,Low Price,Last Price,Close Price,Average Price,Total Traded Quantity,Turnover in Lacs,No. of Trades,Deliverable Qty,% Dly Qt to Traded Qty
RCF,EQ,2014-12-04,68.80,69.00,69.45,67.60,68.25,68.25,68.31,751073,513.02,4499,354468,47.19
RCF,EQ,2014-12-05,68.25,68.25,69.90,67.65,67.75,68.10,68.80,1119434,770.13,5557,506356,45.23
RCF,EQ,2014-12-08,68.10,70.00,71.10,68.55,69.70,69.65,69.91,3534356,2470.72,16452,1500120,42.44
RCF,EQ,2014-12-09,69.65,70.50,70.50,67.00,67.20,67.25,68.56,2244189,1538.58,12492,937410,41.77
RCF,EQ,2014-12-10,67.25,67.25,68.45,67.00,68.35,68.10,67.77,812822,550.81,5417,324355,39.90
RCF,EQ,2014-12-11,68.10,68.25,69.80,66.35,69.10,68.80,68.15,1149534,783.40,7263,401372,34.92
RCF,EQ,2014-12-12,68.80,68.90,69.55,66.75,67.00,66.95,68.10,912717,621.58,6254,363071,39.78
RCF,EQ,2014-12-15,66.95,66.50,69.00,66.00,68.40,68.15,67.74,1006708,681.89,8362,422656,41.98
RCF,EQ,2014-12-16,68.15,67.05,67.85,64.10,64.25,64.50,65.83,1078291,709.80,8134,495196,45.92
RCF,EQ,2014-12-17,64.50,64.00,65.00,61.25,63.40,63.15,63.11,1046108,660.22,6892,308811,29.52
RCF,EQ,2014-12-18,63.15,64.55,69.90,63.55,66.45,66.25,65.81,765240,503.62,5576,298998,39.07
RCF,EQ,2014-12-19,66.25,67.00,70.35,65.70,70.00,68.95,68.09,2024043,1378.13,7754,1175391,58.07
RCF,EQ,2014-12-22,68.95,69.80,71.15,68.55,69.25,69.10,69.73,1167880,814.31,6570,386661,33.11
RCF,EQ,2014-12-23,69.10,69.15,69.60,66.90,67.30,67.70,67.96,982430,667.70,4666,299016,30.44
RCF,EQ,2014-12-24,67.70,67.05,69.45,67.05,68.00,67.95,68.24,907830,619.51,5742,210870,23.23
RCF,EQ,2014-12-26,67.95,68.60,70.45,67.80,68.45,68.60,69.10,1437529,993.38,8522,379337,26.39
RCF,EQ,2014-12-29,68.60,68.80,69.25,67.55,67.70,67.75,68.38,545232,372.84,3723,226786,41.59
RCF,EQ,2014-12-30,67.75,67.95,69.80,67.35,68.90,68.60,68.71,1362289,936.00,8067,261795,19.22
RCF,EQ,2014-12-31,68.60,68.70,69.05,68.10,68.40,68.30,68.41,478134,327.07,3387,188931,39.51
RCF,EQ,2015-01-01,68.30,67.65,69.85,67.65,68.65,68.85,69.09,724232,500.39,4690,221625,30.60
RCF,EQ,2015-01-02,68.85,68.55,70.50,68.15,68.30,68.45,69.32,1196696,829.57,6149,371590,31.05
RCF,EQ,2015-01-05,68.45,67.85,69.05,66.90,67.30,67.20,67.84,810514,549.84,4296,391888,48.35
RCF,EQ,2015-01-06,67.20,66.50,68.15,65.30,65.55,65.85,66.60,1300081,865.90,6507,380434,29.26
RCF,EQ,2015-01-07,65.85,65.70,69.40,65.65,67.30,67.15,67.82,3517808,2385.76,17115,548155,15.58
RCF,EQ,2015-01-08,67.15,67.65,68.45,65.90,66.25,66.50,67.22,1369089,920.32,6497,677431,49.48
RCF,EQ,2015-01-09,66.50,66.80,67.30,65.50,65.75,65.70,66.23,951884,630.43,4994,391656,41.15
RCF,EQ,2015-01-12,65.70,66.00,66.50,65.40,65.75,65.75,66.00,616713,407.05,3769,221246,35.88
RCF,EQ,2015-01-13,65.75,65.85,67.20,65.80,66.20,66.20,66.33,1095113,726.41,5307,458058,41.83
RCF,EQ,2015-01-14,66.20,66.20,67.50,63.70,63.95,63.95,65.65,1727051,1133.76,9593,711311,41.19
RCF,EQ,2015-01-15,63.95,64.75,65.80,63.90,64.00,64.00,64.63,861768,557.00,5449,515034,59.76
RCF,EQ,2015-01-16,64.00,64.15,64.90,63.50,63.65,63.85,64.06,846887,542.54,4731,459579,54.27
RCF,EQ,2015-01-19,63.85,64.10,69.80,63.95,69.65,69.00,66.99,5045592,3380.03,19477,1660176,32.90
RCF,EQ,2015-01-20,69.00,70.00,71.50,66.90,67.35,67.30,69.34,3323606,2304.73,15597,1467136,44.14
RCF,EQ,2015-01-21,67.30,67.40,67.75,64.60,64.95,64.85,65.68,1405198,922.97,6749,771280,54.89
RCF,EQ,2015-01-22,64.85,65.05,67.50,64.90,66.90,66.15,66.18,2278878,1508.10,11236,904852,39.71
RCF,EQ,2015-01-23,66.15,68.10,69.20,66.70,66.90,67.05,67.89,2697987,1831.68,13590,986043,36.55
RCF,EQ,2015-01-27,67.05,67.65,67.80,64.90,65.40,65.10,65.76,989819,650.89,5964,529330,53.48
RCF,EQ,2015-01-28,65.10,64.90,66.70,64.80,66.30,65.95,65.74,1145159,752.88,7713,612499,53.49
RCF,EQ,2015-01-29,65.95,66.40,67.40,64.80,65.30,65.20,65.88,1258404,829.04,7054,612308,48.66
RCF,EQ,2015-01-30,65.20,65.60,66.40,64.50,65.00,64.95,65.32,917091,599.00,5211,384162,41.89
RCF,EQ,2015-02-02,64.95,64.05,68.30,64.05,68.10,67.75,66.90,1824986,1220.96,10664,852872,46.73
RCF,EQ,2015-02-03,67.75,69.65,70.40,68.10,68.50,68.35,69.26,3492404,2418.77,16842,1412501,40.44
RCF,EQ,2015-02-04,68.35,68.65,68.90,67.05,67.35,67.25,67.70,883723,598.28,4577,408838,46.26
RCF,EQ,2015-02-05,67.25,67.95,68.90,66.30,66.45,66.65,67.68,1050315,710.85,6693,352265,33.54
RCF,EQ,2015-02-06,66.65,67.20,69.85,66.10,67.60,67.25,68.24,4668057,3185.64,20597,903146,19.35
RCF,EQ,2015-02-09,67.25,66.90,67.80,64.90,65.10,65.15,66.32,1196378,793.38,6515,485377,40.57
RCF,EQ,2015-02-10,65.15,65.30,66.50,64.20,65.50,65.45,65.51,820016,537.23,4671,343211,41.85
RCF,EQ,2015-02-11,65.45,66.20,67.00,66.00,66.25,66.10,66.28,841420,557.73,5232,315463,37.49
RCF,EQ,2015-02-12,66.10,66.50,67.85,65.00,65.10,65.20,66.01,1935440,1277.61,9238,730158,37.73
RCF,EQ,2015-02-13,65.20,65.60,66.10,65.10,65.35,65.25,65.48,890437,583.02,5244,334361,37.55
RCF,EQ,2015-02-16,65.25,65.70,65.95,64.75,65.05,65.00,65.32,595032,388.65,4345,235066,39.50
RCF,EQ,2015-02-18,65.00,65.35,70.95,64.80,70.95,70.30,69.17,5809827,4018.49,25699,2214064,38.11
RCF,EQ,2015-02-19,70.30,72.80,74.80,72.50,73.25,73.25,73.51,7912905,5816.76,35703,2807531,35.48
RCF,EQ,2015-02-20,73.25,71.85,71.90,70.20,70.75,70.50,70.90,1932203,1369.98,10292,732375,37.90
RCF,EQ,2015-02-23,70.50,71.00,72.60,70.50,71.20,71.50,71.64,1702947,1219.92,9167,738379,43.36
RCF,EQ,2015-02-24,71.50,71.70,71.75,67.00,68.85,69.05,69.16,1635835,1131.28,9468,726499,44.41
RCF,EQ,2015-02-25,69.05,69.85,71.30,69.10,69.70,69.85,70.32,1985731,1396.28,11797,653099,32.89
RCF,EQ,2015-02-26,69.85,70.05,70.25,67.30,68.00,68.00,68.42,1323752,905.70,7946,624229,47.16
RCF,EQ,2015-02-27,68.00,68.40,68.95,67.10,68.75,68.55,68.04,1342031,913.15,7666,409616,30.52
RCF,EQ,2015-02-28,68.55,69.50,70.90,65.50,66.00,66.30,68.42,3071606,2101.73,15995,1101232,35.85
RCF,EQ,2015-03-02,66.30,66.75,66.75,64.45,64.80,64.80,65.10,1394026,907.46,7683,734250,52.67
RCF,EQ,2015-03-03,64.80,65.00,65.85,64.50,64.90,65.00,65.14,1324283,862.66,7219,576327,43.52
RCF,EQ,2015-03-04,65.00,65.30,66.00,64.15,64.50,64.50,65.10,1117821,727.71,5788,562769,50.35
RCF,EQ,2015-03-05,64.50,64.80,64.90,62.50,63.30,63.25,63.39,889586,563.92,5136,383634,43.13
RCF,EQ,2015-03-09,63.25,62.90,62.90,61.70,61.90,61.85,62.23,681621,424.16,4396,351570,51.58
RCF,EQ,2015-03-10,61.85,61.50,63.30,61.50,62.60,62.35,62.55,876706,548.37,4837,393097,44.84
RCF,EQ,2015-03-11,62.35,62.70,62.80,61.65,62.05,61.85,62.09,581244,360.87,3247,256986,44.21
RCF,EQ,2015-03-12,61.85,62.00,62.40,61.40,61.75,61.95,61.95,591676,366.53,3842,280884,47.47
RCF,EQ,2015-03-13,61.95,62.20,62.30,59.90,60.20,60.15,60.91,766472,466.83,4102,358540,46.78
RCF,EQ,2015-03-16,60.15,60.70,60.70,58.80,59.30,59.20,59.60,567129,338.00,3498,270784,47.75
RCF,EQ,2015-03-17,59.20,59.50,60.80,58.15,58.90,59.05,59.43,1285635,764.01,6814,340170,26.46
RCF,EQ,2015-03-18,59.05,59.45,59.45,58.25,58.65,58.80,58.77,773453,454.57,4319,298518,38.60
RCF,EQ,2015-03-19,58.80,59.25,59.50,57.55,57.65,57.90,58.55,398763,233.46,2360,190704,47.82
RCF,EQ,2015-03-20,57.90,57.60,57.95,54.90,54.95,55.15,56.11,611852,343.32,3828,296621,48.48
RCF,EQ,2015-03-23,55.15,55.60,55.65,54.05,54.35,54.35,54.81,531744,291.45,3274,282854,53.19
RCF,EQ,2015-03-24,54.35,54.50,54.55,52.40,53.15,53.00,53.28,594786,316.92,3103,267659,45.00
RCF,EQ,2015-03-25,53.00,53.45,53.45,51.45,52.30,51.90,52.44,526721,276.20,2394,260615,49.48
RCF,EQ,2015-03-26,51.90,51.80,53.60,51.20,53.10,52.80,52.69,799602,421.32,4579,371538,46.47
RCF,EQ,2015-03-27,52.80,53.50,53.80,50.90,52.60,52.70,52.52,950294,499.12,4510,539267,56.75
RCF,EQ,2015-03-30,52.70,53.20,55.30,53.10,54.95,54.75,54.40,512992,279.07,2825,255415,49.79
RCF,EQ,2015-03-31,54.75,55.30,58.10,54.30,56.50,56.45,56.47,1198018,676.50,6673,300297,25.07
RCF,EQ,2015-04-01,56.45,58.65,60.00,58.55,59.65,59.70,59.27,2590422,1535.43,12859,532002,20.54
RCF,EQ,2015-04-06,59.70,60.00,60.15,57.30,57.90,58.00,58.03,573668,332.89,3491,190339,33.18
RCF,EQ,2015-04-07,58.00,58.05,69.60,57.20,69.60,69.60,64.24,3872673,2487.98,19262,1726430,44.58
RCF,EQ,2015-04-08,69.60,71.00,71.90,67.30,67.65,67.85,69.19,3873793,2680.20,20744,1106045,28.55
RCF,EQ,2015-04-09,67.85,68.25,71.85,66.00,69.50,69.65,69.73,3503878,2443.28,17570,937626,26.76
RCF,EQ,2015-04-10,69.65,69.40,70.35,68.35,68.75,68.75,69.18,1019986,705.67,6286,285587,28.00
RCF,EQ,2015-04-13,68.75,69.10,69.95,67.00,67.10,67.35,68.21,681697,465.02,4794,311714,45.73
RCF,EQ,2015-04-15,67.35,67.00,68.40,64.80,65.80,65.70,66.79,885442,591.39,5429,305575,34.51
RCF,EQ,2015-04-16,65.70,66.05,68.20,64.35,67.80,67.85,66.77,1351961,902.71,7509,471972,34.91
RCF,EQ,2015-04-17,67.85,68.70,68.85,66.60,67.20,67.45,67.88,1293243,877.89,7796,524194,40.53
RCF,EQ,2015-04-20,67.45,67.40,67.65,64.60,65.80,65.50,65.90,557213,367.20,3243,215936,38.75
RCF,EQ,2015-04-21,65.50,65.80,65.80,62.80,64.85,64.85,64.60,560137,361.85,4988,282038,50.35
RCF,EQ,2015-04-22,64.85,65.35,66.90,64.35,66.45,66.45,65.76,574188,377.61,5560,243985,42.49
RCF,EQ,2015-04-23,66.45,66.40,66.75,65.15,65.25,65.55,66.07,357624,236.29,3047,162823,45.53
RCF,EQ,2015-04-24,65.55,65.50,65.90,63.60,63.95,63.95,64.47,342935,221.08,2460,184441,53.78
RCF,EQ,2015-04-27,63.95,64.35,64.35,61.50,62.40,62.15,62.64,344541,215.83,2742,156351,45.38
RCF,EQ,2015-04-28,62.15,61.60,62.00,59.10,59.35,59.85,60.28,721797,435.10,4964,390141,54.05
RCF,EQ,2015-04-29,59.85,59.95,60.75,58.20,58.30,58.70,59.57,603114,359.30,3812,324241,53.76
RCF,EQ,2015-04-30,58.70,58.80,59.95,58.20,58.95,58.95,59.06,547555,323.41,6882,307224,56.11
RCF,EQ,2015-05-04,58.95,59.45,60.50,59.10,60.05,60.15,59.92,306577,183.70,2688,118358,38.61
RCF,EQ,2015-05-05,60.15,60.20,60.70,59.50,60.20,60.20,60.11,255464,153.56,1839,85089,33.31
RCF,EQ,2015-05-06,60.20,60.10,60.65,58.40,58.80,58.70,59.17,295060,174.59,3234,125866,42.66
RCF,EQ,2015-05-07,58.70,58.70,58.70,56.30,56.45,56.60,57.31,318413,182.49,2269,123729,38.86
RCF,EQ,2015-05-08,56.60,57.30,60.50,57.30,59.00,58.75,58.80,455072,267.56,4160,146113,32.11
RCF,EQ,2015-05-11,58.75,59.50,59.65,58.40,59.15,59.25,59.08,213933,126.38,1583,63739,29.79
RCF,EQ,2015-05-12,59.25,59.80,59.80,57.50,58.10,57.85,57.94,177636,102.93,1635,62706,35.30
RCF,EQ,2015-05-13,57.85,58.30,63.90,58.00,60.40,60.30,61.52,1585066,975.06,10495,282603,17.83
RCF,EQ,2015-05-14,60.30,60.30,60.60,58.90,60.00,60.10,59.91,291699,174.76,2267,89254,30.60
RCF,EQ,2015-05-15,60.10,60.00,61.45,59.60,60.30,59.95,60.36,305107,184.17,2552,107268,35.16
RCF,EQ,2015-05-18,59.95,60.40,61.30,59.80,60.40,60.30,60.36,380575,229.72,2919,186212,48.93
RCF,EQ,2015-05-19,60.30,60.45,61.05,59.50,60.00,60.10,60.40,391294,236.35,2261,155094,39.64
RCF,EQ,2015-05-20,60.10,60.00,60.70,59.60,59.85,60.00,60.06,252947,151.93,1615,120819,47.76
RCF,EQ,2015-05-21,60.00,60.50,61.80,60.00,60.85,61.10,61.05,733201,447.59,4886,215484,29.39
RCF,EQ,2015-05-22,61.10,59.80,59.80,56.90,57.40,57.45,58.11,804189,467.29,4996,412575,51.30
RCF,EQ,2015-05-25,57.45,58.00,58.35,56.05,56.35,56.25,57.04,428017,244.13,2857,171187,40.00
RCF,EQ,2015-05-26,56.25,56.95,56.95,55.90,56.50,56.45,56.33,250562,141.13,1854,103096,41.15
RCF,EQ,2015-05-27,56.45,56.90,56.90,55.40,55.50,55.55,55.68,292588,162.92,3820,143276,48.97
RCF,EQ,2015-05-28,55.55,55.95,56.00,55.15,55.85,55.85,55.69,179792,100.12,1652,74113,41.22
RCF,EQ,2015-05-29,55.85,55.95,56.20,55.15,55.75,55.85,55.77,295232,164.64,2458,103254,34.97
RCF,EQ,2015-06-01,55.85,55.40,56.70,55.40,55.60,55.80,56.04,221781,124.28,1559,89103,40.18
RCF,EQ,2015-06-02,55.80,55.50,55.90,54.75,55.10,55.20,55.19,248375,137.09,2063,131872,53.09
RCF,EQ,2015-06-03,55.20,55.05,55.45,51.90,53.30,53.50,53.25,338429,180.20,2510,146035,43.15
RCF,EQ,2015-06-04,53.50,52.50,53.90,52.00,52.75,52.90,52.72,296225,156.18,2359,129962,43.87
RCF,EQ,2015-06-05,52.90,52.65,54.45,52.10,53.80,53.65,53.52,331769,177.58,2527,108817,32.80
RCF,EQ,2015-06-08,53.65,53.85,54.35,52.00,52.70,52.75,52.70,242945,128.04,2343,100731,41.46
RCF,EQ,2015-06-09,52.75,52.70,55.35,52.00,54.60,54.60,54.14,631343,341.83,4228,171947,27.24
RCF,EQ,2015-06-10,54.60,54.90,56.65,54.10,54.40,54.65,55.26,979468,541.22,6194,283465,28.94
RCF,EQ,2015-06-11,54.65,55.00,55.40,53.10,53.40,53.30,54.03,278740,150.59,2022,96687,34.69
RCF,EQ,2015-06-12,53.30,53.30,53.55,52.65,52.90,53.15,53.08,179801,95.44,1404,69878,38.86
RCF,EQ,2015-06-15,53.15,53.70,54.30,53.15,53.40,53.45,53.54,166603,89.20,1659,78839,47.32
RCF,EQ,2015-06-16,53.45,54.05,55.75,53.70,54.65,54.80,54.80,765772,419.63,6091,181511,23.70
RCF,EQ,2015-06-17,54.80,55.00,55.95,54.15,54.50,54.60,54.88,457122,250.87,3235,142360,31.14
RCF,EQ,2015-06-18,54.60,55.00,55.65,54.70,55.10,55.05,55.11,378851,208.79,2400,120126,31.71
RCF,EQ,2015-06-19,55.05,56.70,57.50,55.80,56.65,56.55,56.66,842894,477.61,5430,272718,32.35
RCF,EQ,2015-06-22,56.55,56.75,57.20,56.20,56.90,56.70,56.78,367369,208.60,2766,121323,33.02
RCF,EQ,2015-06-23,56.70,56.70,57.40,56.15,56.25,56.35,56.76,507786,288.20,3565,190238,37.46
RCF,EQ,2015-06-24,56.35,56.60,56.85,54.90,55.10,55.40,56.08,518482,290.76,4161,250302,48.28
RCF,EQ,2015-06-25,55.40,55.30,57.20,55.10,56.10,55.95,56.32,688942,388.04,5022,195550,28.38
RCF,EQ,2015-06-26,55.95,55.95,56.50,55.40,55.50,55.65,55.85,310642,173.48,2503,118669,38.20
RCF,EQ,2015-06-29,55.65,54.90,54.90,52.85,53.60,53.65,53.53,495625,265.33,3456,211563,42.69
RCF,EQ,2015-06-30,53.65,53.80,55.30,53.80,54.55,54.65,54.43,481094,261.84,4158,138211,28.73
RCF,EQ,2015-07-01,54.65,55.30,56.35,55.00,55.70,55.80,55.81,530961,296.31,3800,198748,37.43
RCF,EQ,2015-07-02,55.80,56.00,59.75,55.70,59.15,59.15,58.56,2228868,1305.12,12421,724320,32.50
RCF,EQ,2015-07-03,59.15,60.20,61.35,57.95,58.20,58.30,60.02,2753546,1652.58,15077,907093,32.94
RCF,EQ,2015-07-06,58.30,57.50,59.20,57.10,58.45,58.45,58.24,574580,334.66,3796,153589,26.73
RCF,EQ,2015-07-07,58.45,59.10,59.40,57.70,58.25,58.35,58.58,501728,293.93,3624,181122,36.10
RCF,EQ,2015-07-08,58.35,57.80,59.20,56.40,56.55,56.75,57.69,1002753,578.48,7011,400305,39.92
RCF,EQ,2015-07-09,56.75,57.25,57.50,55.75,55.80,55.90,56.59,707555,400.37,5554,360908,51.01
RCF,EQ,2015-07-10,55.90,56.00,56.60,54.50,55.10,55.15,55.73,552163,307.70,4689,266117,48.20
RCF,EQ,2015-07-13,55.15,55.25,57.15,55.05,55.75,55.75,56.01,970284,543.49,5177,268675,27.69
RCF,EQ,2015-07-14,55.75,56.50,57.35,55.55,55.75,55.90,56.33,1115662,628.50,7977,398710,35.74
RCF,EQ,2015-07-15,55.90,56.35,56.90,55.80,56.10,56.15,56.30,577367,325.08,3553,249839,43.27
RCF,EQ,2015-07-16,56.15,56.40,57.10,55.55,56.35,56.25,56.23,1107093,622.47,6535,362982,32.79
RCF,EQ,2015-07-17,56.25,56.70,57.35,56.15,56.70,56.60,56.77,920353,522.45,4712,320996,34.88
RCF,EQ,2015-07-20,56.60,56.75,57.50,56.05,56.35,56.30,56.72,1049549,595.30,5837,368240,35.09
RCF,EQ,2015-07-21,56.30,56.45,57.15,55.50,55.75,55.75,56.37,627386,353.69,3717,224156,35.73
RCF,EQ,2015-07-22,55.75,55.45,56.10,55.40,55.80,55.70,55.73,499178,278.18,3967,210999,42.27
RCF,EQ,2015-07-23,55.70,56.00,57.75,55.50,56.50,56.35,56.81,900789,511.74,5044,349556,38.81
RCF,EQ,2015-07-24,56.35,56.50,57.10,55.05,55.30,55.30,55.97,684473,383.08,3358,369242,53.95
RCF,EQ,2015-07-27,55.30,55.30,55.65,54.20,55.00,54.70,54.95,381659,209.72,2786,152254,39.89
RCF,EQ,2015-07-28,54.70,54.95,55.15,53.05,53.50,53.20,53.85,507081,273.08,3137,248259,48.96
RCF,EQ,2015-07-29,53.20,53.80,54.70,53.30,54.30,54.25,53.98,435888,235.31,2676,171740,39.40
RCF,EQ,2015-07-30,54.25,54.50,54.75,53.95,54.25,54.10,54.27,397646,215.82,2889,199896,50.27
RCF,EQ,2015-07-31,54.10,54.50,55.75,54.10,54.25,54.30,54.81,759246,416.13,3817,309819,40.81
RCF,EQ,2015-08-03,54.30,54.30,55.30,54.30,55.20,55.05,54.95,670078,368.23,3298,426191,63.60
RCF,EQ,2015-08-04,55.05,55.20,56.40,55.15,56.20,56.00,55.92,835774,467.37,5137,426590,51.04
RCF,EQ,2015-08-05,56.00,56.50,57.20,56.05,56.15,56.20,56.47,800313,451.91,4522,483776,60.45
RCF,EQ,2015-08-06,56.20,56.50,58.65,56.10,57.50,57.45,57.59,1653184,952.13,7139,638093,38.60
RCF,EQ,2015-08-07,57.45,57.10,57.75,56.55,57.00,57.05,57.22,642351,367.54,3283,341368,53.14
RCF,EQ,2015-08-10,57.05,57.15,60.45,56.45,56.85,57.05,58.50,4202093,2458.17,16993,778596,18.53
RCF,EQ,2015-08-11,57.05,57.00,57.30,55.10,55.20,55.20,55.72,744307,414.74,4432,415051,55.76
RCF,EQ,2015-08-12,55.20,55.15,55.85,53.90,54.05,54.05,54.65,743454,406.33,3342,325634,43.80
RCF,EQ,2015-08-13,54.05,54.50,54.80,52.50,52.70,52.75,53.45,734709,392.69,3972,414175,56.37
RCF,EQ,2015-08-14,52.75,52.75,53.80,52.70,53.70,53.60,53.29,459574,244.89,2791,240470,52.32
RCF,EQ,2015-08-17,53.60,53.90,54.35,53.65,53.80,53.90,53.92,415776,224.18,2980,209647,50.42
RCF,EQ,2015-08-18,53.90,54.05,55.00,54.00,54.90,54.85,54.56,442968,241.69,3092,210445,47.51
RCF,EQ,2015-08-19,54.85,53.30,55.10,52.95,54.25,54.70,54.12,1075296,581.94,5420,380672,35.40
RCF,EQ,2015-08-20,54.70,55.00,55.00,52.85,53.00,53.00,53.58,1198751,642.29,7275,525018,43.80
RCF,EQ,2015-08-21,53.00,52.50,52.50,51.35,51.45,51.60,51.74,543449,281.20,3348,270442,49.76
RCF,EQ,2015-08-24,51.60,50.40,50.40,44.85,45.60,45.80,47.81,756467,361.69,6068,381891,50.48
RCF,EQ,2015-08-25,45.80,45.90,46.85,41.45,43.90,43.60,43.83,1143695,501.28,8021,478957,41.88
RCF,EQ,2015-08-26,43.60,43.90,46.30,43.05,45.00,44.80,45.03,555601,250.21,3955,234316,42.17
RCF,EQ,2015-08-27,44.80,46.70,46.70,45.20,45.30,45.40,45.60,434122,197.96,3008,229303,52.82
RCF,EQ,2015-08-28,45.40,46.70,46.80,45.05,45.75,45.60,45.96,485782,223.24,3005,225351,46.39
RCF,EQ,2015-08-31,45.60,45.90,45.90,44.10,44.25,44.40,45.06,392027,176.66,2346,213404,54.44
RCF,EQ,2015-09-01,44.40,43.90,44.55,43.00,43.15,43.15,43.55,547657,238.50,2974,326426,59.60
RCF,EQ,2015-09-02,43.15,43.05,43.85,42.20,42.30,42.30,42.65,415232,177.10,2766,207254,49.91
RCF,EQ,2015-09-03,42.30,42.80,43.35,42.30,43.05,42.95,42.92,296585,127.31,2082,134047,45.20
RCF,EQ,2015-09-04,42.95,42.90,42.90,40.80,40.90,40.95,41.30,467854,193.22,3236,269827,57.67
RCF,EQ,2015-09-07,40.95,41.45,41.60,39.80,40.10,40.00,40.62,362396,147.22,2159,162439,44.82
RCF,EQ,2015-09-08,40.00,40.35,41.55,39.80,40.80,40.75,40.64,338370,137.50,1936,136116,40.23
RCF,EQ,2015-09-09,40.75,41.25,42.60,41.20,42.00,42.00,41.82,367186,153.54,2698,156168,42.53
RCF,EQ,2015-09-10,42.00,41.45,42.00,40.60,41.90,41.85,41.35,220664,91.25,2913,114352,51.82
RCF,EQ,2015-09-11,41.85,42.50,43.90,42.10,43.70,43.50,43.17,532585,229.92,4236,249455,46.84
RCF,EQ,2015-09-14,43.50,44.00,45.05,43.50,44.50,44.50,44.48,374633,166.63,2676,139877,37.34
RCF,EQ,2015-09-15,44.50,44.50,44.75,43.65,43.85,43.80,44.02,151182,66.54,1257,56568,37.42
RCF,EQ,2015-09-16,43.80,44.40,45.30,42.50,42.60,42.65,43.53,539747,234.95,3415,239457,44.36
RCF,EQ,2015-09-18,42.65,43.40,45.10,43.05,44.30,44.45,44.17,788810,348.43,4549,498623,63.21
RCF,EQ,2015-09-21,44.45,44.40,45.70,43.90,45.45,45.50,45.17,410805,185.54,3480,207163,50.43
RCF,EQ,2015-09-22,45.50,45.40,46.45,44.05,44.20,44.30,45.27,315797,142.96,2419,139656,44.22
RCF,EQ,2015-09-23,44.30,43.90,45.65,43.60,44.60,44.55,44.66,378576,169.07,1669,135977,35.92
RCF,EQ,2015-09-24,44.55,44.20,45.45,44.20,44.85,44.50,44.74,230259,103.01,1658,97715,42.44
RCF,EQ,2015-09-28,44.50,45.40,49.75,44.50,47.40,47.15,48.01,2271955,1090.75,11042,602212,26.51
RCF,EQ,2015-09-29,47.15,46.40,52.05,44.75,50.00,50.70,48.95,2533212,1240.04,12181,890877,35.17
RCF,EQ,2015-09-30,50.70,50.70,51.40,47.60,47.80,47.80,49.44,1147348,567.24,8242,433389,37.77
RCF,EQ,2015-10-01,47.80,48.40,51.25,48.20,49.30,49.30,49.71,1596621,793.66,9109,339971,21.29
RCF,EQ,2015-10-05,49.30,49.50,50.45,49.40,49.85,49.70,49.90,408607,203.88,2394,161013,39.41
RCF,EQ,2015-10-06,49.70,50.00,50.50,49.25,49.35,49.45,49.83,484907,241.62,3387,242211,49.95
RCF,EQ,2015-10-07,49.45,49.90,50.95,49.15,49.60,49.55,49.94,606227,302.76,3244,217424,35.87
RCF,EQ,2015-10-08,49.55,49.90,50.65,49.50,49.75,49.60,49.85,406112,202.44,2262,118609,29.21
RCF,EQ,2015-10-09,49.60,50.00,50.40,49.10,49.35,49.60,49.77,402117,200.12,1976,133804,33.27
RCF,EQ,2015-10-12,49.60,49.40,49.95,49.10,49.70,49.55,49.60,271838,134.83,1548,89076,32.77
RCF,EQ,2015-10-13,49.55,49.60,51.45,49.20,50.90,51.10,50.56,1310954,662.85,6194,475752,36.29
RCF,EQ,2015-10-14,51.10,50.90,53.65,50.50,51.30,51.40,52.23,2022927,1056.68,8499,452627,22.37
RCF,EQ,2015-10-15,51.40,52.05,52.40,51.20,51.65,51.70,51.86,778462,403.75,4339,243410,31.27
RCF,EQ,2015-10-16,51.70,52.00,52.50,51.15,51.40,51.55,51.86,394961,204.84,2106,140982,35.70
RCF,EQ,2015-10-19,51.55,51.60,51.95,51.25,51.30,51.45,51.57,202500,104.42,1177,101225,49.99
RCF,EQ,2015-10-20,51.45,51.80,52.25,50.70,50.90,50.85,51.36,281411,144.52,1669,121670,43.24
RCF,EQ,2015-10-21,50.85,51.00,51.75,50.55,50.65,50.85,51.03,228863,116.79,1407,76444,33.40
RCF,EQ,2015-10-23,50.85,51.50,51.70,50.30,50.35,50.50,51.03,293108,149.57,1715,109717,37.43
RCF,EQ,2015-10-26,50.50,50.90,51.80,50.35,50.65,50.60,51.20,495522,253.72,2619,129221,26.08
RCF,EQ,2015-10-27,50.60,50.15,50.80,49.90,49.95,50.15,50.34,181558,91.39,1392,84773,46.69
RCF,EQ,2015-10-28,50.15,50.35,51.00,49.25,49.75,49.95,50.07,411734,206.16,2385,116726,28.35
RCF,EQ,2015-10-29,49.95,49.60,49.95,49.00,49.10,49.25,49.46,160336,79.30,1781,86664,54.05
RCF,EQ,2015-10-30,49.25,49.40,49.40,47.60,47.60,47.75,48.46,347084,168.19,2328,190025,54.75
RCF,EQ,2015-11-02,47.75,47.70,47.75,46.50,46.90,46.95,46.92,259891,121.95,1870,122404,47.10
RCF,EQ,2015-11-03,46.95,47.00,47.60,46.55,46.90,46.85,47.09,318634,150.05,2254,116235,36.48
RCF,EQ,2015-11-04,46.85,47.35,48.20,47.05,47.35,47.40,47.54,342937,163.02,2395,135196,39.42
RCF,EQ,2015-11-05,47.40,47.20,47.90,46.55,46.80,46.85,47.10,252037,118.72,2040,80951,32.12
RCF,EQ,2015-11-06,46.85,47.00,48.00,45.90,46.70,46.90,46.86,413452,193.72,2624,102499,24.79
RCF,EQ,2015-11-09,46.90,45.80,49.60,45.50,49.60,48.75,47.83,561510,268.59,2952,299880,53.41
RCF,EQ,2015-11-10,48.75,49.00,50.00,47.20,47.55,47.45,48.39,864345,418.25,4754,295963,34.24
RCF,EQ,2015-11-11,47.45,48.00,48.65,47.40,48.10,48.10,47.92,160086,76.72,887,94812,59.23
RCF,EQ,2015-11-13,48.10,47.60,47.85,46.40,46.50,46.60,46.81,339458,158.89,2665,125570,36.99
RCF,EQ,2015-11-16,46.60,47.00,47.40,46.25,47.00,47.05,46.90,515488,241.77,3920,130309,25.28
RCF,EQ,2015-11-17,47.05,47.30,47.80,46.95,47.35,47.15,47.34,338361,160.18,2253,102546,30.31
RCF,EQ,2015-11-18,47.15,47.20,48.35,47.00,47.40,47.40,47.65,548451,261.32,3064,227752,41.53
RCF,EQ,2015-11-19,47.40,48.90,49.00,47.70,48.10,48.30,48.32,695686,336.14,4015,166756,23.97
RCF,EQ,2015-11-20,48.30,48.10,49.15,47.70,47.90,48.00,48.38,549629,265.94,3386,214401,39.01
RCF,EQ,2015-11-23,48.00,48.50,50.20,47.75,49.95,49.65,49.14,951003,467.37,4369,337567,35.50
RCF,EQ,2015-11-24,49.65,49.75,50.20,48.90,49.45,49.55,49.54,949512,470.38,5348,291955,30.75
RCF,EQ,2015-11-26,49.55,49.85,50.90,49.25,50.00,50.00,49.99,749351,374.61,3831,260042,34.70
RCF,EQ,2015-11-27,50.00,50.25,50.60,49.30,49.85,49.95,49.97,704529,352.09,3198,217633,30.89
RCF,EQ,2015-11-30,49.95,50.05,50.55,49.50,49.70,49.65,49.94,299982,149.82,1926,123859,41.29
RCF,EQ,2015-12-01,49.65,49.80,53.20,49.80,51.90,52.10,52.11,3341868,1741.57,14744,692119,20.71
RCF,EQ,2015-12-02,52.10,52.20,52.45,50.60,50.85,51.05,51.30,666375,341.86,4317,322699,48.43
RCF,EQ,2015-12-03,51.05,50.90,51.50,50.05,50.45,50.20,50.65,449551,227.68,2943,143874,32.00
RCF,EQ,2015-12-04,50.20,49.85,50.30,48.75,49.15,49.00,49.49,486791,240.93,3364,265955,54.63
RCF,EQ,2015-12-07,49.00,49.10,49.75,48.50,48.55,48.65,49.02,259190,127.04,1648,122266,47.17
RCF,EQ,2015-12-08,48.65,48.90,49.40,46.65,47.15,47.30,47.87,945588,452.69,5088,174017,18.40
RCF,EQ,2015-12-09,47.30,47.20,47.50,44.45,44.80,44.75,45.34,680460,308.49,4700,353885,52.01
RCF,EQ,2015-12-10,44.75,44.85,45.85,44.65,45.45,45.40,45.28,497695,225.37,3713,146329,29.40
RCF,EQ,2015-12-11,45.40,45.60,46.15,44.50,45.00,45.00,45.29,343363,155.51,2519,114272,33.28
RCF,EQ,2015-12-14,45.00,44.55,50.70,44.50,50.00,50.10,48.84,2383669,1164.28,12642,750659,31.49
RCF,EQ,2015-12-15,50.10,50.00,52.80,49.65,52.60,52.45,51.38,2240306,1150.97,11015,1027035,45.84
RCF,EQ,2015-12-16,52.45,52.70,52.70,47.85,47.85,48.25,49.15,3627104,1782.70,14634,1577644,43.50
RCF,EQ,2015-12-17,48.25,48.45,49.45,48.25,49.10,49.20,48.90,738326,361.02,4532,291620,39.50
RCF,EQ,2015-12-18,49.20,48.70,49.15,47.90,48.15,48.20,48.55,459282,222.96,2698,231869,50.49
RCF,EQ,2015-12-21,48.20,48.15,48.80,47.80,48.70,48.55,48.53,292298,141.85,1613,112097,38.35
RCF,EQ,2015-12-22,48.55,48.50,49.25,48.30,48.45,48.50,48.77,475607,231.95,3159,192720,40.52
RCF,EQ,2015-12-23,48.50,48.90,49.70,48.70,49.10,48.95,49.18,592299,291.29,3008,223702,37.77
RCF,EQ,2015-12-24,48.95,49.10,49.65,48.70,49.00,49.10,49.12,402220,197.56,2178,137086,34.08
RCF,EQ,2015-12-28,49.10,49.10,49.45,48.90,49.05,49.10,49.20,283111,139.29,1328,127820,45.15
RCF,EQ,2015-12-29,49.10,49.35,50.15,49.00,49.15,49.10,49.43,737505,364.53,3318,292677,39.68
RCF,EQ,2015-12-30,49.10,49.40,49.80,48.30,48.70,48.55,48.99,395842,193.91,2201,137245,34.67
RCF,EQ,2015-12-31,48.55,48.75,49.80,48.45,49.35,49.40,49.30,754040,371.73,3393,245105,32.51
RCF,EQ,2016-01-01,49.40,49.90,50.70,49.20,50.15,50.15,49.97,1005551,502.48,4025,373728,37.17
RCF,EQ,2016-01-04,50.15,50.00,51.80,49.50,49.70,49.90,50.38,1449434,730.27,5546,686823,47.39
RCF,EQ,2016-01-05,49.90,50.45,50.70,49.35,49.75,49.85,50.05,2931635,1467.40,7128,1967277,67.11
RCF,EQ,2016-01-06,49.85,50.00,50.65,48.65,48.85,48.95,49.72,1743688,867.01,4925,858100,49.21
RCF,EQ,2016-01-07,48.95,48.10,48.15,46.65,46.85,46.85,47.22,756328,357.10,3064,358287,47.37
RCF,EQ,2016-01-08,46.85,47.00,47.60,46.60,46.85,46.90,47.02,1123901,528.48,5852,498763,44.38
RCF,EQ,2016-01-11,46.90,46.50,47.75,46.15,46.55,46.75,46.90,713751,334.74,3803,339526,47.57
RCF,EQ,2016-01-12,46.75,47.05,48.65,46.80,47.20,47.20,47.70,1107219,528.13,6169,393677,35.56
RCF,EQ,2016-01-13,47.20,49.40,49.80,46.10,46.75,46.85,47.94,3246626,1556.33,14049,1091501,33.62
RCF,EQ,2016-01-14,46.85,46.10,46.90,45.00,45.45,45.50,45.86,897243,411.46,5013,258671,28.83
RCF,EQ,2016-01-15,45.50,46.10,46.10,42.85,43.30,43.30,44.76,635660,284.52,2830,295155,46.43
RCF,EQ,2016-01-18,43.30,43.70,43.70,41.40,41.90,41.60,42.12,551365,232.21,2783,271043,49.16
RCF,EQ,2016-01-19,41.60,41.65,42.95,41.50,42.20,42.25,42.32,496781,210.23,2255,229460,46.19
RCF,EQ,2016-01-20,42.25,42.45,43.70,41.40,41.85,41.80,42.55,1347772,573.43,6488,384325,28.52
RCF,EQ,2016-01-21,41.80,42.50,42.80,41.50,41.85,41.75,42.03,597559,251.18,2921,179011,29.96
RCF,EQ,2016-01-22,41.75,42.40,42.40,41.40,41.75,41.60,41.88,1581914,662.49,5154,1038790,65.67
RCF,EQ,2016-01-25,41.60,42.25,42.45,41.75,41.85,41.85,42.07,342697,144.16,1988,153870,44.90
RCF,EQ,2016-01-27,41.85,42.30,42.40,41.80,42.00,42.05,42.09,324375,136.53,1781,135971,41.92
RCF,EQ,2016-01-28,42.05,42.25,42.60,42.00,42.10,42.15,42.28,327820,138.61,1269,165648,50.53
RCF,EQ,2016-01-29,42.15,42.35,42.75,42.00,42.45,42.45,42.37,412436,174.75,2372,170715,41.39
RCF,EQ,2016-02-01,42.45,42.65,43.45,42.55,42.80,42.80,42.87,378545,162.26,2354,160057,42.28
RCF,EQ,2016-02-02,42.80,42.95,43.15,41.50,41.70,41.75,42.33,353384,149.57,1970,182378,51.61
RCF,EQ,2016-02-03,41.75,41.35,41.60,40.50,40.80,40.60,40.84,299446,122.29,1567,157060,52.45
RCF,EQ,2016-02-04,40.60,40.90,41.40,40.15,40.50,40.50,40.78,250716,102.24,1717,122283,48.77
RCF,EQ,2016-02-05,40.50,40.75,41.50,40.50,41.30,41.30,41.09,249740,102.61,1761,123076,49.28
RCF,EQ,2016-02-08,41.30,41.30,42.80,41.30,41.85,41.90,42.23,337909,142.71,1969,161359,47.75
RCF,EQ,2016-02-09,41.90,41.15,41.75,39.90,40.80,40.85,40.59,1053668,427.65,4600,337093,31.99
RCF,EQ,2016-02-10,40.85,40.75,40.90,40.00,40.30,40.30,40.32,343039,138.33,1526,155471,45.32
RCF,EQ,2016-02-11,40.30,40.40,40.40,38.00,38.35,38.20,39.17,433141,169.67,2526,247074,57.04
RCF,EQ,2016-02-12,38.20,38.80,38.85,35.15,36.15,36.35,36.23,1238841,448.82,6506,573995,46.33
RCF,EQ,2016-02-15,36.35,36.40,38.25,36.40,37.55,37.55,37.49,517733,194.11,3051,229412,44.31
RCF,EQ,2016-02-16,37.55,37.95,38.90,37.50,37.80,37.85,38.24,496144,189.73,3077,187289,37.75
RCF,EQ,2016-02-17,37.85,37.90,37.90,36.25,36.70,36.70,36.64,635796,232.99,2513,321885,50.63
RCF,EQ,2016-02-18,36.70,37.10,37.75,36.95,37.65,37.55,37.42,331741,124.15,2117,133895,40.36
RCF,EQ,2016-02-19,37.55,38.00,40.40,37.90,40.10,40.20,39.69,1741422,691.21,9698,483645,27.77
RCF,EQ,2016-02-22,40.20,41.40,43.75,41.20,43.50,43.45,42.88,2820279,1209.37,14939,749513,26.58
RCF,EQ,2016-02-23,43.45,43.80,43.90,41.10,41.25,41.30,42.29,1258189,532.03,5677,558832,44.42
RCF,EQ,2016-02-24,41.30,41.40,41.40,40.00,40.00,40.20,40.52,615754,249.51,2649,321886,52.28
RCF,EQ,2016-02-25,40.20,40.30,40.75,38.65,38.80,38.80,39.52,665567,263.03,4078,346390,52.04
RCF,EQ,2016-02-26,38.80,40.00,40.85,39.45,40.15,39.85,40.06,1281610,513.38,7057,444373,34.67
RCF,EQ,2016-02-29,39.85,40.20,41.40,38.20,38.25,38.35,39.79,1759300,700.04,9590,662901,37.68
RCF,EQ,2016-03-01,38.35,38.70,38.90,37.20,37.50,37.40,37.82,1296923,490.51,5304,784625,60.50
RCF,EQ,2016-03-02,37.40,38.00,38.60,36.75,37.10,37.10,37.58,2734787,1027.72,7708,1836216,67.14
RCF,EQ,2016-03-03,37.10,38.50,39.40,38.35,38.80,38.75,38.77,3602248,1396.74,12888,1381741,38.36
RCF,EQ,2016-03-04,38.75,38.95,39.05,37.85,37.95,38.00,38.48,1607241,618.48,6351,906678,56.41
RCF,EQ,2016-03-08,38.00,38.20,38.95,37.85,37.90,37.95,38.28,1506376,576.59,5130,868287,57.64
RCF,EQ,2016-03-09,37.95,38.15,38.55,38.00,38.45,38.35,38.34,898625,344.51,3295,435681,48.48
RCF,EQ,2016-03-10,38.35,38.50,38.70,37.65,37.70,37.75,38.14,1385893,528.61,4329,721097,52.03
RCF,EQ,2016-03-11,37.75,37.85,38.15,37.35,37.45,37.45,37.68,813094,306.35,2915,458382,56.38
RCF,EQ,2016-03-14,37.45,37.80,38.00,37.35,37.40,37.40,37.61,552721,207.85,2333,310504,56.18
RCF,EQ,2016-03-15,37.40,37.40,37.65,36.70,36.80,36.80,37.05,987021,365.69,4098,524610,53.15
RCF,EQ,2016-03-16,36.80,37.00,37.10,36.35,36.45,36.50,36.61,748607,274.04,3011,425578,56.85
RCF,EQ,2016-03-17,36.50,36.90,36.95,35.85,35.95,36.05,36.46,1340521,488.77,3078,817943,61.02
RCF,EQ,2016-03-18,36.05,36.35,36.45,35.90,36.00,36.05,36.10,916757,330.99,2910,530825,57.90
RCF,EQ,2016-03-21,36.05,36.25,37.75,36.10,37.40,37.35,37.02,1548035,573.01,4848,561965,36.30
RCF,EQ,2016-03-22,37.35,38.00,38.05,37.40,37.70,37.75,37.76,837545,316.22,2911,402340,48.04
RCF,EQ,2016-03-23,37.75,37.90,38.00,37.35,37.65,37.60,37.65,834770,314.33,3242,483068,57.87
RCF,EQ,2016-03-28,37.60,37.75,37.80,36.50,37.00,36.80,37.28,609028,227.02,2254,319105,52.40
RCF,EQ,2016-03-29,36.80,37.00,37.60,36.55,37.45,37.40,37.14,715507,265.77,2472,436487,61.00
RCF,EQ,2016-03-30,37.40,38.90,38.90,38.00,38.40,38.35,38.33,1053572,403.81,4056,522618,49.60
RCF,EQ,2016-03-31,38.35,38.55,39.55,38.25,38.65,38.65,38.91,1246365,484.94,5970,622272,49.93
RCF,EQ,2016-04-01,38.65,38.85,39.80,38.55,39.65,39.45,39.21,906225,355.29,4475,396837,43.79
RCF,EQ,2016-04-04,39.45,39.75,41.30,39.75,40.65,40.75,40.62,1916040,778.38,7374,884828,46.18
RCF,EQ,2016-04-05,40.75,40.45,40.50,38.90,39.00,39.05,39.60,921197,364.76,4321,541004,58.73
RCF,EQ,2016-04-06,39.05,39.00,39.90,38.80,39.45,39.45,39.43,656132,258.70,2282,200770,30.60
RCF,EQ,2016-04-07,39.45,39.45,40.70,38.80,39.55,39.60,39.69,1466557,582.10,5352,510527,34.81
RCF,EQ,2016-04-08,39.60,39.50,40.15,39.10,39.95,39.80,39.70,776973,308.44,3299,274872,35.38
RCF,EQ,2016-04-11,39.80,40.20,41.30,39.75,40.70,40.70,40.65,1803154,732.97,6736,831073,46.09
RCF,EQ,2016-04-12,40.70,41.40,42.50,41.40,42.10,41.90,42.01,2890303,1214.32,10343,1194632,41.33
RCF,EQ,2016-04-13,41.90,42.60,44.15,42.25,44.00,43.70,43.17,3871618,1671.37,12596,2098132,54.19
RCF,EQ,2016-04-18,43.70,43.85,44.05,42.60,43.50,43.60,43.52,966280,420.51,3921,511609,52.95
RCF,EQ,2016-04-20,43.60,43.90,45.90,43.65,45.60,45.55,45.16,2936192,1326.04,12190,1594298,54.30
RCF,EQ,2016-04-21,45.55,45.70,45.75,44.00,44.25,44.20,44.56,962287,428.84,4576,511958,53.20
RCF,EQ,2016-04-22,44.20,44.20,45.00,43.60,44.80,44.65,44.46,928802,412.90,3353,385203,41.47
RCF,EQ,2016-04-25,44.65,44.70,48.20,43.80,47.80,47.60,46.62,3707418,1728.49,13527,1665590,44.93
RCF,EQ,2016-04-26,47.60,47.50,48.50,46.80,48.20,48.10,47.78,1778258,849.60,8933,718772,40.42
RCF,EQ,2016-04-27,48.10,49.35,50.10,48.30,48.35,48.65,49.30,6842670,3373.43,21725,2871498,41.96
RCF,EQ,2016-04-28,48.65,48.40,48.40,46.85,47.00,47.00,47.44,1466390,695.63,6023,724596,49.41
RCF,EQ,2016-04-29,47.00,46.50,46.90,45.10,45.30,45.45,45.77,1356213,620.78,6067,633828,46.74
RCF,EQ,2016-05-02,45.45,45.40,46.90,44.60,46.25,46.30,46.16,1972755,910.69,7993,598138,30.32
RCF,EQ,2016-05-03,46.30,46.55,47.50,46.40,46.55,46.65,46.94,1402327,658.24,5910,608193,43.37
RCF,EQ,2016-05-04,46.65,46.55,46.55,45.20,45.45,45.50,45.95,953235,438.05,4092,333575,34.99
RCF,EQ,2016-05-05,45.50,45.70,45.85,45.10,45.25,45.25,45.42,688407,312.65,2830,293764,42.67
RCF,EQ,2016-05-06,45.25,45.20,45.40,44.65,44.65,44.75,44.92,574838,258.22,2751,282792,49.20
RCF,EQ,2016-05-09,44.75,45.00,46.00,45.00,45.95,45.85,45.59,577469,263.25,2394,267576,46.34
RCF,EQ,2016-05-10,45.85,46.00,46.70,45.95,46.30,46.30,46.31,567391,262.73,2619,271219,47.80
RCF,EQ,2016-05-11,46.30,45.90,46.65,45.25,45.90,45.80,46.06,708099,326.13,2896,267046,37.71
RCF,EQ,2016-05-12,45.80,46.20,47.70,45.85,47.35,47.30,47.01,1710015,803.82,6233,604674,35.36
RCF,EQ,2016-05-13,47.30,48.00,49.20,47.90,48.40,48.40,48.53,3206386,1556.21,13056,1186912,37.02
RCF,EQ,2016-05-16,48.40,48.35,48.95,47.50,47.70,47.75,48.17,1458753,702.65,5657,460928,31.60
RCF,EQ,2016-05-17,47.75,48.05,48.60,47.55,47.60,47.75,47.95,746725,358.07,3207,293032,39.24
RCF,EQ,2016-05-18,47.75,47.75,47.90,47.10,47.20,47.25,47.38,633295,300.06,3854,277360,43.80
RCF,EQ,2016-05-19,47.25,47.30,47.70,46.15,46.20,46.45,46.99,765015,359.46,3984,339167,44.33
RCF,EQ,2016-05-20,46.45,46.90,46.90,45.20,45.30,45.40,45.92,677099,310.91,3302,348271,51.44
RCF,EQ,2016-05-23,45.40,45.70,45.75,44.05,44.15,44.20,44.87,874543,392.39,5267,458723,52.45
RCF,EQ,2016-05-24,44.20,45.00,45.25,44.00,44.60,44.45,44.46,875777,389.41,4969,358140,40.89
RCF,EQ,2016-05-25,44.45,45.35,45.80,44.90,45.40,45.50,45.45,1312538,596.59,5030,541058,41.22
RCF,EQ,2016-05-26,45.50,45.60,45.90,45.30,45.35,45.50,45.61,689842,314.66,2770,340447,49.35
RCF,EQ,2016-05-27,45.50,44.00,44.30,42.80,43.10,43.05,43.22,1747431,755.28,7016,1028001,58.83
RCF,EQ,2016-05-30,43.05,43.00,44.15,42.85,43.60,43.55,43.60,734995,320.45,3402,345137,46.96
RCF,EQ,2016-05-31,43.55,43.80,43.90,43.00,43.15,43.10,43.31,449656,194.73,2151,245576,54.61
RCF,EQ,2016-06-01,43.10,43.40,43.90,42.75,42.95,42.85,43.27,685096,296.46,3242,337755,49.30
RCF,EQ,2016-06-02,42.85,43.10,43.65,42.70,43.20,43.20,43.20,798315,344.89,3211,342959,42.96
RCF,EQ,2016-06-03,43.20,43.50,44.65,43.50,44.00,43.85,44.10,999903,440.98,4893,418678,41.87
RCF,EQ,2016-06-06,43.85,44.40,44.65,44.00,44.35,44.30,44.29,455642,201.80,2126,242667,53.26
RCF,EQ,2016-06-07,44.30,44.60,44.90,44.25,44.90,44.75,44.64,444643,198.47,2383,272011,61.18
RCF,EQ,2016-06-08,44.75,44.85,46.35,44.65,46.10,45.95,45.74,1103682,504.77,4727,421035,38.15
RCF,EQ,2016-06-09,45.95,46.30,47.20,45.75,46.15,46.25,46.35,1289787,597.75,5040,479583,37.18
RCF,EQ,2016-06-10,46.25,46.70,46.70,45.25,45.90,45.85,46.01,845740,389.09,3771,335342,39.65
RCF,EQ,2016-06-13,45.85,45.35,45.95,44.65,45.10,45.15,45.16,919031,415.04,3381,249520,27.15
RCF,EQ,2016-06-14,45.15,46.00,46.90,45.55,45.95,46.25,46.08,1849263,852.05,6662,529803,28.65
RCF,EQ,2016-06-15,46.25,46.45,46.75,45.85,46.20,46.15,46.18,1156061,533.88,3798,424793,36.74
RCF,EQ,2016-06-16,46.15,46.10,46.10,45.15,45.70,45.65,45.57,634714,289.23,2298,257578,40.58
RCF,EQ,2016-06-17,45.65,45.95,46.00,45.25,45.40,45.50,45.54,524408,238.79,2006,257271,49.06
RCF,EQ,2016-06-20,45.50,45.40,47.05,45.20,46.55,46.50,46.49,1494333,694.75,5222,519741,34.78
RCF,EQ,2016-06-21,46.50,46.95,47.15,46.40,46.55,46.65,46.77,888517,415.55,3597,398935,44.90
RCF,EQ,2016-06-22,46.65,46.95,46.95,45.50,45.50,45.80,46.21,660130,305.07,2337,341579,51.74
RCF,EQ,2016-06-23,45.80,45.80,46.00,45.15,45.25,45.35,45.40,424780,192.83,1477,176375,41.52
RCF,EQ,2016-06-24,45.35,44.70,44.70,42.80,44.15,43.95,43.51,1005605,437.49,4423,481409,47.87
RCF,EQ,2016-06-27,43.95,43.95,45.90,43.95,45.65,45.65,45.04,1187348,534.74,3925,567173,47.77
RCF,EQ,2016-06-28,45.65,46.00,46.75,45.60,46.00,46.10,46.25,865219,400.15,3653,471570,54.50
RCF,EQ,2016-06-29,46.10,46.45,47.40,46.20,47.00,47.10,46.92,1268497,595.16,4171,559814,44.13
RCF,EQ,2016-06-30,47.10,47.35,50.75,47.15,49.40,49.05,49.55,7513535,3723.05,21811,2627717,34.97
RCF,EQ,2016-07-01,49.05,49.70,51.65,49.60,50.60,50.60,50.56,4775068,2414.47,15833,1930268,40.42
RCF,EQ,2016-07-04,50.60,50.40,50.90,49.55,49.80,49.75,50.12,1384773,694.05,5466,737653,53.27
RCF,EQ,2016-07-05,49.75,49.95,50.95,48.15,50.75,50.65,49.82,4047914,2016.51,13982,1954041,48.27
RCF,EQ,2016-07-07,50.65,51.00,53.85,50.55,52.90,52.80,52.38,4947923,2591.52,16812,1987935,40.18
RCF,EQ,2016-07-08,52.80,53.25,53.40,51.70,52.40,52.55,52.55,2122064,1115.07,7973,878006,41.38
RCF,EQ,2016-07-11,52.55,53.25,53.65,51.60,51.75,51.75,52.61,1988881,1046.44,7252,989923,49.77
RCF,EQ,2016-07-12,51.75,52.25,52.50,51.55,52.10,52.15,52.04,1114615,580.05,4203,479501,43.02
RCF,EQ,2016-07-13,52.15,52.60,52.60,50.50,50.80,51.00,51.16,1061794,543.17,3962,472929,44.54
RCF,EQ,2016-07-14,51.00,50.75,51.70,50.50,50.95,51.10,51.09,873961,446.53,3756,287576,32.90
RCF,EQ,2016-07-15,51.10,51.50,51.50,49.70,50.05,49.90,50.53,992605,501.54,3548,513806,51.76
RCF,EQ,2016-07-18,49.90,50.40,50.85,49.40,49.80,49.75,50.17,651782,326.98,2619,312844,48.00
RCF,EQ,2016-07-19,49.75,49.90,50.15,48.95,48.95,49.05,49.46,486594,240.65,2105,243757,50.09
RCF,EQ,2016-07-20,49.05,49.05,49.50,48.10,48.95,49.05,48.96,608652,297.99,3093,251332,41.29
RCF,EQ,2016-07-21,49.05,49.10,51.25,49.05,50.70,50.70,50.56,1808113,914.24,7037,671621,37.14
RCF,EQ,2016-07-22,50.70,51.95,52.20,51.15,51.40,51.40,51.66,1730500,894.06,6869,776406,44.87
RCF,EQ,2016-07-25,51.40,51.95,52.25,51.00,51.00,51.10,51.47,1072249,551.90,3653,540141,50.37
RCF,EQ,2016-07-26,51.10,51.15,51.30,50.00,50.10,50.20,50.60,1354447,685.39,5706,502453,37.10
RCF,EQ,2016-07-27,50.20,50.20,50.70,49.00,49.75,49.85,49.86,932290,464.86,4906,364249,39.07
RCF,EQ,2016-07-28,49.85,50.00,51.35,49.85,50.00,50.10,50.48,1228887,620.28,6295,492648,40.09
RCF,EQ,2016-07-29,50.10,50.50,50.55,49.25,49.45,49.50,49.94,719560,359.37,4147,336057,46.70
RCF,EQ,2016-08-01,49.50,49.50,50.15,48.80,49.00,49.05,49.45,766381,379.01,5419,254931,33.26
RCF,EQ,2016-08-02,49.05,49.25,49.40,48.10,48.20,48.30,48.85,886589,433.13,4658,379724,42.83
RCF,EQ,2016-08-03,48.30,47.90,48.40,46.65,46.70,46.90,47.29,950072,449.29,5933,498789,52.50
RCF,EQ,2016-08-04,46.90,47.15,47.35,46.60,47.00,47.05,47.02,452763,212.87,1739,222284,49.10
RCF,EQ,2016-08-05,47.05,47.35,48.15,47.20,47.85,47.80,47.63,651966,310.51,3323,282483,43.33
RCF,EQ,2016-08-08,47.80,48.90,49.30,48.60,49.20,49.15,48.98,870394,426.35,3513,371896,42.73
RCF,EQ,2016-08-09,49.15,49.05,49.55,48.50,49.20,49.15,49.05,792224,388.58,2865,398940,50.36
RCF,EQ,2016-08-10,49.15,50.10,50.40,48.60,48.65,48.85,49.60,1817861,901.64,6299,701932,38.61
RCF,EQ,2016-08-11,48.85,48.95,49.00,47.75,47.80,47.95,48.26,525023,253.40,2976,247356,47.11
RCF,EQ,2016-08-12,47.95,48.10,48.50,47.50,47.80,47.90,48.14,294135,141.61,1442,174261,59.25
RCF,EQ,2016-08-16,47.90,47.10,48.00,47.05,47.30,47.45,47.61,426177,202.91,2390,141540,33.21
RCF,EQ,2016-08-17,47.45,47.45,48.10,47.45,47.70,47.75,47.79,331612,158.48,1684,114295,34.47
RCF,EQ,2016-08-18,47.75,48.00,48.65,47.65,48.10,48.05,48.13,549455,264.46,2720,201147,36.61
RCF,EQ,2016-08-19,48.05,48.20,49.40,47.80,48.55,48.60,48.59,992210,482.09,3036,368936,37.18
RCF,EQ,2016-08-22,48.60,48.85,50.65,48.40,50.00,50.05,49.80,1738400,865.77,6206,636387,36.61
RCF,EQ,2016-08-23,50.05,50.25,50.80,49.15,49.95,49.90,50.08,1023718,512.66,3968,354801,34.66
RCF,EQ,2016-08-24,49.90,50.00,52.40,49.70,52.10,52.00,51.55,2866251,1477.53,10276,1433707,50.02
RCF,EQ,2016-08-25,52.00,52.50,52.70,50.45,51.00,50.75,51.57,1336010,688.92,5417,567409,42.47
RCF,EQ,2016-08-26,50.75,50.95,50.95,49.50,49.60,49.70,50.04,639916,320.19,2859,260428,40.70
RCF,EQ,2016-08-29,49.70,50.05,50.60,49.55,49.85,49.75,50.11,592767,297.05,3430,311546,52.56
RCF,EQ,2016-08-30,49.75,48.00,48.00,47.05,47.15,47.15,47.41,1743163,826.39,9165,885570,50.80
RCF,EQ,2016-08-31,47.15,47.10,49.15,47.10,48.00,47.95,48.30,1316952,636.12,5374,607939,46.16
RCF,EQ,2016-09-01,47.95,48.30,48.40,47.05,47.20,47.25,47.70,559624,266.93,2240,259225,46.32
RCF,EQ,2016-09-02,47.25,47.15,47.70,47.15,47.40,47.35,47.36,374528,177.36,1546,197883,52.84
RCF,EQ,2016-09-06,47.35,47.60,48.05,47.20,47.25,47.35,47.52,520660,247.43,2093,302664,58.13
RCF,EQ,2016-09-07,47.35,47.60,47.60,47.05,47.15,47.15,47.29,599000,283.30,2028,372195,62.14
RCF,EQ,2016-09-08,47.15,47.40,48.55,47.20,48.25,48.25,48.15,1060259,510.51,3540,463925,43.76
RCF,EQ,2016-09-09,48.25,48.35,49.40,47.90,48.60,48.60,48.65,1079115,525.02,3732,503167,46.63
RCF,EQ,2016-09-12,48.60,47.70,48.05,46.70,46.95,46.90,47.27,706550,333.97,3921,453253,64.15
RCF,EQ,2016-09-14,46.90,46.95,47.85,46.70,47.30,47.25,47.19,732138,345.50,3743,379191,51.79
RCF,EQ,2016-09-15,47.25,46.50,47.15,46.50,46.70,46.70,46.82,673098,315.12,3485,302559,44.95
RCF,EQ,2016-09-16,46.70,46.95,47.20,44.25,44.70,44.90,45.73,1529502,699.40,6460,933129,61.01
RCF,EQ,2016-09-19,44.90,45.05,45.70,44.80,45.25,45.30,45.27,599224,271.29,2917,278636,46.50
RCF,EQ,2016-09-20,45.30,45.35,45.75,44.95,45.20,45.20,45.24,460840,208.47,2015,210002,45.57
RCF,EQ,2016-09-21,45.20,45.40,45.40,44.70,44.95,45.00,45.07,644197,290.35,3162,252469,39.19
RCF,EQ,2016-09-22,45.00,45.35,46.20,45.35,45.80,45.85,45.82,599954,274.91,2344,296972,49.50
RCF,EQ,2016-09-23,45.85,46.00,46.45,45.75,45.95,45.90,46.06,582576,268.36,3857,206158,35.39
RCF,EQ,2016-09-26,45.90,46.25,46.90,45.40,45.55,45.65,46.05,768544,353.90,3278,365884,47.61
RCF,EQ,2016-09-27,45.65,45.65,46.40,45.65,45.75,45.85,45.97,483008,222.06,1930,246237,50.98
RCF,EQ,2016-09-28,45.85,46.50,46.70,45.75,45.80,45.85,46.11,1065565,491.35,4225,443433,41.61
RCF,EQ,2016-09-29,45.85,46.05,48.15,42.60,43.70,43.50,46.11,2989078,1378.11,11610,1119199,37.44
RCF,EQ,2016-09-30,43.50,43.90,45.40,43.65,45.00,44.95,44.71,1004744,449.23,5257,349866,34.82
RCF,EQ,2016-10-03,44.95,45.30,46.50,44.95,46.40,46.30,45.86,909966,417.31,3438,454343,49.93
RCF,EQ,2016-10-04,46.30,46.15,46.95,45.65,46.55,46.25,46.20,710650,328.33,2619,316698,44.56
RCF,EQ,2016-10-05,46.25,47.40,47.75,46.60,47.15,47.30,47.20,1791644,845.71,6317,793274,44.28
RCF,EQ,2016-10-06,47.30,47.60,47.90,46.00,47.00,46.60,47.23,1054285,497.92,3749,401762,38.11
RCF,EQ,2016-10-07,46.60,46.90,47.80,45.70,46.95,47.05,46.97,1045064,490.86,3789,358024,34.26
RCF,EQ,2016-10-10,47.05,47.20,47.50,46.50,46.50,46.60,46.89,583295,273.51,2002,241276,41.36
RCF,EQ,2016-10-13,46.60,46.50,46.50,44.90,45.45,45.25,45.55,691182,314.86,2985,353745,51.18
RCF,EQ,2016-10-14,45.25,45.50,46.00,44.25,45.55,45.50,45.36,797266,361.66,3818,241873,30.34
RCF,EQ,2016-10-17,45.50,45.70,47.70,45.25,46.50,46.45,46.54,1709479,795.57,6844,483098,28.26
RCF,EQ,2016-10-18,46.45,46.70,47.40,46.45,46.80,46.80,46.82,876636,410.47,3528,247878,28.28
RCF,EQ,2016-10-19,46.80,46.80,50.80,46.40,49.70,50.05,49.27,6343906,3125.79,18606,2031758,32.03
RCF,EQ,2016-10-20,50.05,50.25,50.65,48.70,49.15,49.15,49.63,2745429,1362.52,10815,977185,35.59
RCF,EQ,2016-10-21,49.15,49.20,49.40,47.80,48.00,48.15,48.70,1432393,697.60,4033,589747,41.17
RCF,EQ,2016-10-24,48.15,48.45,50.25,48.15,49.25,49.20,49.23,2368839,1166.20,8557,766334,32.35
RCF,EQ,2016-10-25,49.20,49.20,50.80,48.60,49.55,49.55,49.80,2029037,1010.51,7536,707108,34.85
RCF,EQ,2016-10-26,49.55,49.60,50.30,48.60,48.65,48.75,49.40,1600372,790.57,6283,540935,33.80
RCF,EQ,2016-10-27,48.75,48.90,49.30,47.90,48.40,48.40,48.64,932310,453.51,3362,374200,40.14
RCF,EQ,2016-10-28,48.40,48.50,49.30,48.30,48.90,48.75,48.74,823707,401.49,3345,316107,38.38
RCF,EQ,2016-10-30,48.75,49.35,49.60,49.00,49.00,49.15,49.25,295118,145.34,1551,192709,65.30
RCF,EQ,2016-11-01,49.15,48.85,51.80,48.85,50.65,50.55,50.66,3076067,1558.48,9841,1454605,47.29
RCF,EQ,2016-11-02,50.55,49.55,50.55,48.75,49.30,49.15,49.67,1456535,723.50,5004,575914,39.54
RCF,EQ,2016-11-03,49.15,49.40,50.20,47.80,48.00,48.10,48.94,1070224,523.82,4150,385662,36.04
RCF,EQ,2016-11-04,48.10,48.50,48.55,45.85,46.45,46.45,46.79,1185870,554.90,4594,502648,42.39
RCF,EQ,2016-11-07,46.45,47.10,47.45,46.60,46.85,46.90,47.07,523909,246.59,1819,254458,48.57
RCF,EQ,2016-11-08,46.90,46.70,47.80,46.25,46.65,46.65,46.87,565435,265.01,2487,201107,35.57
RCF,EQ,2016-11-09,46.65,42.90,45.60,41.00,44.80,44.80,43.81,1129484,494.86,4365,501974,44.44
RCF,EQ,2016-11-10,44.80,45.90,47.10,45.90,46.05,46.15,46.45,697172,323.84,2635,297529,42.68
RCF,EQ,2016-11-11,46.15,45.60,46.00,44.50,45.00,44.75,45.12,450091,203.07,2095,269967,59.98
RCF,EQ,2016-11-15,44.75,45.20,45.20,41.95,42.35,42.10,42.80,726060,310.78,3924,462873,63.75
RCF,EQ,2016-11-16,42.10,43.20,43.20,41.90,42.05,42.10,42.42,477528,202.57,2133,245810,51.48
RCF,EQ,2016-11-17,42.10,42.55,42.60,41.75,42.20,41.95,42.20,324200,136.81,1698,151944,46.87
RCF,EQ,2016-11-18,41.95,42.50,43.00,41.90,42.40,42.40,42.40,495123,209.94,2416,239182,48.31
RCF,EQ,2016-11-21,42.40,41.95,41.95,40.60,40.85,40.75,41.17,601226,247.55,3147,250384,41.65
RCF,EQ,2016-11-22,40.75,42.30,43.25,41.60,43.15,42.90,42.36,1326620,562.00,5684,615195,46.37
RCF,EQ,2016-11-23,42.90,43.40,43.70,42.40,43.30,43.50,43.12,606149,261.38,2561,275136,45.39
RCF,EQ,2016-11-24,43.50,43.30,44.45,42.80,43.75,43.75,43.73,621152,271.66,2774,223172,35.93
RCF,EQ,2016-11-25,43.75,43.95,44.45,43.30,43.90,44.05,43.95,659620,289.93,2424,239960,36.38
RCF,EQ,2016-11-28,44.05,44.10,44.50,43.75,44.50,44.30,44.15,328915,145.21,1394,135380,41.16
RCF,EQ,2016-11-29,44.30,44.65,45.40,44.40,45.35,44.90,44.81,570603,255.70,2094,271614,47.60
RCF,EQ,2016-11-30,44.90,46.50,47.20,45.85,46.85,46.75,46.40,1255656,582.61,5569,576973,45.95
RCF,EQ,2016-12-01,46.75,46.95,49.50,46.90,48.45,48.25,48.19,1964485,946.66,8678,1057685,53.84
RCF,EQ,2016-12-02,48.25,47.50,48.70,47.10,48.15,48.30,47.97,872919,418.78,3619,-,-
RCF,EQ,2016-12-02,48.25,47.50,48.70,47.10,48.15,48.30,47.97,872919,418.78,3619,378890,43.40
RCF,EQ,2016-12-05,48.30,47.70,49.90,47.70,49.40,49.35,48.94,1171332,573.20,4522,599231,51.16
RCF,EQ,2016-12-06,49.35,49.60,49.95,48.05,48.10,48.25,49.24,887391,436.98,3424,332066,37.42
RCF,EQ,2016-12-07,48.25,48.30,49.60,47.10,49.40,49.20,48.74,1586585,773.30,5371,473950,29.87
RCF,EQ,2016-12-08,49.20,51.40,51.90,50.15,50.55,50.65,51.06,3973392,2028.94,17009,1368637,34.45
RCF,EQ,2016-12-09,50.65,50.90,50.95,49.45,49.50,49.65,49.91,681133,339.97,3797,297703,43.71
RCF,EQ,2016-12-12,49.65,49.70,49.70,47.90,48.30,48.25,48.76,556773,271.46,2477,273477,49.12
RCF,EQ,2016-12-13,48.25,48.35,49.60,47.65,48.45,48.70,48.81,1167051,569.60,4723,256235,21.96
RCF,EQ,2016-12-14,48.70,48.60,49.65,48.00,48.15,48.20,48.88,885535,432.84,3037,348014,39.30
RCF,EQ,2016-12-15,48.20,47.75,48.75,47.55,47.80,47.70,48.04,566586,272.16,1970,227898,40.22
RCF,EQ,2016-12-16,47.70,48.20,48.30,46.55,46.60,46.70,47.31,504377,238.61,2362,264974,52.53
RCF,EQ,2016-12-19,46.70,46.80,47.90,46.50,47.20,47.10,47.36,899793,426.13,3382,227390,25.27
RCF,EQ,2016-12-20,47.10,47.30,47.55,46.20,46.55,46.55,46.92,513769,241.05,2056,212094,41.28
RCF,EQ,2016-12-21,46.55,46.60,47.15,46.20,46.25,46.30,46.72,400785,187.25,1989,126440,31.55
RCF,EQ,2016-12-22,46.30,46.25,46.45,45.55,45.75,45.80,45.92,285070,130.90,1982,125715,44.10
RCF,EQ,2016-12-23,45.80,45.80,46.00,44.80,44.90,44.95,45.27,770609,348.89,3503,396264,51.42
RCF,EQ,2016-12-26,44.95,44.95,45.35,44.60,44.70,44.70,44.93,676376,303.88,2608,272659,40.31
RCF,EQ,2016-12-27,44.70,45.00,45.30,44.70,44.95,45.10,45.02,679166,305.78,2224,259365,38.19
RCF,EQ,2016-12-28,45.10,45.50,46.00,45.20,45.40,45.40,45.64,439862,200.76,1923,145475,33.07
RCF,EQ,2016-12-29,45.40,45.60,46.95,45.45,46.75,46.70,46.46,1047804,486.86,4076,344740,32.90
RCF,EQ,2016-12-30,46.70,47.20,47.40,46.65,46.80,46.75,47.01,678749,319.09,2413,254987,37.57
RCF,EQ,2017-01-02,46.75,47.10,48.30,46.65,48.10,47.95,47.60,986504,469.54,4500,326536,33.10
RCF,EQ,2017-01-03,47.95,48.20,48.35,47.35,47.80,47.75,47.90,597759,286.31,2277,209972,35.13
RCF,EQ,2017-01-04,47.75,48.00,51.20,47.80,50.75,50.70,50.09,5527778,2769.11,18613,1482570,26.82
RCF,EQ,2017-01-05,50.70,51.15,53.35,51.15,52.50,52.55,52.45,9128022,4787.45,29525,2770616,30.35
RCF,EQ,2017-01-06,52.55,52.80,55.00,51.20,54.90,54.55,53.48,8501625,4546.38,26093,2297643,27.03
RCF,EQ,2017-01-09,54.55,54.90,58.25,54.10,57.25,57.30,56.58,12214350,6911.34,38056,3503282,28.68
RCF,EQ,2017-01-10,57.30,57.60,58.15,56.25,56.70,56.90,57.18,4571514,2613.96,17098,1379015,30.17
RCF,EQ,2017-01-11,56.90,57.15,57.30,56.00,56.25,56.25,56.52,2605853,1472.72,9293,873587,33.52
RCF,EQ,2017-01-12,56.25,56.25,56.45,54.75,54.90,54.90,55.41,1946533,1078.58,7718,686423,35.26
RCF,EQ,2017-01-13,54.90,55.20,57.70,54.20,56.80,56.95,56.61,5911974,3346.58,21549,1343502,22.73
RCF,EQ,2017-01-16,56.95,57.40,59.45,57.30,58.95,59.00,58.71,5534494,3249.12,22248,1816853,32.83
RCF,EQ,2017-01-17,59.00,59.25,59.40,57.30,57.50,57.80,58.49,4831087,2825.67,16134,1283879,26.58
RCF,EQ,2017-01-18,57.80,57.85,59.10,57.60,58.00,58.25,58.34,3542084,2066.28,11888,1198396,33.83
RCF,EQ,2017-01-19,58.25,58.30,59.15,57.85,58.10,58.15,58.53,2612297,1529.10,8668,735477,28.15
RCF,EQ,2017-01-20,58.15,58.30,58.80,56.10,56.40,56.30,57.43,1805723,1036.97,7326,774676,42.90
RCF,EQ,2017-01-23,56.30,56.50,57.40,56.35,56.70,56.85,56.93,1019441,580.42,3814,371861,36.48
RCF,EQ,2017-01-24,56.85,57.00,57.35,56.40,56.85,56.85,56.86,1324075,752.93,4697,451251,34.08
RCF,EQ,2017-01-25,56.85,57.10,57.85,56.90,57.50,57.45,57.32,1372902,786.92,4524,672100,48.95
RCF,EQ,2017-01-27,57.45,57.75,58.10,57.05,57.20,57.20,57.63,1681505,969.12,5373,674602,40.12
RCF,EQ,2017-01-30,57.20,57.15,59.20,57.10,57.95,57.80,58.37,4290852,2504.39,13164,1187372,27.67
RCF,EQ,2017-01-31,57.80,58.00,58.30,56.45,57.90,57.95,57.48,2614536,1502.83,9808,1078508,41.25
RCF,EQ,2017-02-01,57.95,58.25,59.45,56.55,56.80,57.05,58.12,5615227,3263.81,23219,1738562,30.96
RCF,EQ,2017-02-02,57.05,57.50,57.50,56.20,56.75,56.90,56.71,1751413,993.18,6386,641898,36.65
RCF,EQ,2017-02-03,56.90,57.05,61.80,56.40,61.50,60.30,59.29,6861510,4068.00,20985,2498094,36.41
RCF,EQ,2017-02-06,60.30,61.55,62.55,60.80,61.25,61.30,61.59,4749916,2925.46,18965,1917184,40.36
RCF,EQ,2017-02-07,61.30,62.15,63.35,60.80,61.50,61.50,62.16,3158473,1963.28,16510,1160842,36.75
RCF,EQ,2017-02-08,61.50,61.55,62.70,60.80,62.45,62.35,61.94,2521127,1561.48,10207,933759,37.04
RCF,EQ,2017-02-09,62.35,62.90,63.80,61.55,62.75,63.00,62.95,3081525,1939.85,11976,1103414,35.81
RCF,EQ,2017-02-10,63.00,62.70,63.40,60.05,60.25,60.55,61.87,2004765,1240.40,8603,986038,49.18
RCF,EQ,2017-02-13,60.55,60.60,61.85,60.00,61.15,61.10,61.06,2817107,1720.14,10739,868297,30.82
RCF,EQ,2017-02-14,61.10,61.25,61.40,59.10,59.20,59.30,59.98,1273084,763.64,5843,489675,38.46
RCF,EQ,2017-02-15,59.30,59.55,59.60,56.80,56.90,57.00,57.74,1371318,791.78,6137,531058,38.73
RCF,EQ,2017-02-16,57.00,57.25,57.60,56.25,57.30,57.40,57.03,879799,501.72,3830,368015,41.83
RCF,EQ,2017-02-17,57.40,57.50,59.15,57.25,58.60,58.60,58.43,1450663,847.60,6479,487520,33.61
RCF,EQ,2017-02-20,58.60,58.60,60.30,58.35,59.65,59.60,59.51,1050750,625.34,4391,343483,32.69
RCF,EQ,2017-02-21,59.60,59.90,59.90,58.45,58.65,58.65,58.98,854657,504.07,3571,322994,37.79
RCF,EQ,2017-02-22,58.65,58.85,61.25,58.40,59.15,59.40,59.89,2134713,1278.52,8548,584343,27.37
